,datetime,lat,lon,depth_km,mag,location,mag_type,event_type
0,2021-04-30 14:12:00+00:00,18.98,121.04,7.0,2.3,022 km S 50° W of Dalupiri Island (Calayan) (Cagayan),Ms,TECTONIC
1,2021-04-30 12:02:53+00:00,8.77,126.61,18.0,2.6,034 km S 84° E of Marihatag (Surigao Del Sur),Ms,TECTONIC
2,2021-04-30 12:02:07+00:00,7.0,125.08,24.0,1.9,004 km N 07° W of Makilala (Cotabato),Ms,TECTONIC
3,2021-04-30 10:03:34+00:00,6.33,125.81,143.0,3.1,020 km N 39° E of Don Marcelino (Davao Occidental),Ms,TECTONIC
4,2021-04-30 09:59:15+00:00,13.58,121.24,15.0,2.2,008 km S 24° E of Lobo (Batangas),Ms,TECTONIC
5,2021-04-30 08:29:00+00:00,16.56,120.9,14.0,2.1,009 km S 41° E of Kabayan (Benguet),Ms,TECTONIC
6,2021-04-30 05:41:08+00:00,18.35,121.17,43.0,2.0,019 km N 84° W of Luna (Apayao),Ms,TECTONIC
7,2021-04-30 05:35:59+00:00,9.9,122.44,16.0,2.1,014 km N 04° E of City Of Sipalay (Negros Occidental),Ms,TECTONIC
8,2021-04-30 05:17:43+00:00,15.02,119.69,1.0,2.2,042 km S 84° W of San Felipe (Zambales),Ms,TECTONIC
9,2021-04-30 04:38:44+00:00,8.3,125.92,9.0,2.2,013 km S 44° W of Rosario (Agusan Del Sur),Ms,TECTONIC
10,2021-04-30 04:08:44+00:00,16.12,120.85,12.0,1.7,011 km S 66° W of Santa Fe (Nueva Vizcaya),Ms,TECTONIC
11,2021-04-30 01:59:33+00:00,10.62,125.33,1.0,2.2,021 km N 61° E of Silago (Southern Leyte),Ms,TECTONIC
12,2021-04-30 01:56:50+00:00,6.92,126.0,29.0,2.3,003 km N 22° W of Lupon (Davao Oriental),Ms,TECTONIC
13,2021-04-30 00:13:01+00:00,9.78,124.23,30.0,2.5,006 km S 34° E of Carmen (Bohol),Ms,TECTONIC
14,2021-04-29 23:11:24+00:00,10.33,125.27,1.0,3.2,003 km S 27° E of Hinundayan (Southern Leyte),Ms,TECTONIC
15,2021-04-29 22:34:55+00:00,10.14,126.12,33.0,2.0,014 km N 19° E of Burgos (Surigao Del Norte),Ms,TECTONIC
16,2021-04-29 21:42:04+00:00,15.42,120.43,25.0,2.6,007 km S 33° W of San Jose (Tarlac),Ms,TECTONIC
17,2021-04-29 20:55:41+00:00,17.12,122.46,32.0,3.1,007 km N 27° E of Palanan (Isabela),Ms,TECTONIC
18,2021-04-29 20:41:24+00:00,8.74,126.57,30.0,2.4,031 km S 77° E of Marihatag (Surigao Del Sur),Ms,TECTONIC
19,2021-04-29 20:24:33+00:00,6.0,126.04,133.0,2.4,043 km S 60° E of Don Marcelino (Davao Occidental),Ms,TECTONIC
20,2021-04-29 19:51:38+00:00,20.28,120.33,1.0,2.6,162 km S 88° W of Sabtang (Batanes),Ms,TECTONIC
21,2021-04-29 19:36:19+00:00,10.07,125.85,33.0,2.0,025 km N 77° W of Burgos (Surigao Del Norte),Ms,TECTONIC
22,2021-04-29 19:11:09+00:00,7.76,125.99,31.0,2.2,010 km S 43° W of Monkayo (Davao De Oro),Ms,TECTONIC
23,2021-04-29 18:34:36+00:00,8.36,126.2,35.0,2.4,015 km S 89° W of Hinatuan (Surigao Del Sur),Ms,TECTONIC
24,2021-04-29 18:24:38+00:00,13.56,120.47,47.0,2.9,016 km N 03° E of Paluan (Occidental Mindoro),Ms,TECTONIC
25,2021-04-29 18:11:11+00:00,16.5,120.74,32.0,2.0,009 km N 82° W of Bokod (Benguet),Ms,TECTONIC
26,2021-04-29 18:09:15+00:00,13.62,120.64,138.0,1.7,023 km S 01° E of Calatagan (Batangas),Ms,TECTONIC
27,2021-04-29 17:45:42+00:00,6.16,126.9,15.0,2.9,111 km S 27° E of Tarragona (Davao Oriental),Ms,TECTONIC
28,2021-04-29 17:40:34+00:00,21.91,121.92,41.0,3.9,124 km N 04° E of Itbayat (Batanes),Ms,TECTONIC
29,2021-04-29 17:17:36+00:00,21.83,121.62,1.0,3.8,118 km N 11° W of Itbayat (Batanes),Ms,TECTONIC
30,2021-04-29 16:42:27+00:00,6.52,123.82,1.0,3.0,026 km S 81° W of Kalamansig (Sultan Kudarat),Ms,TECTONIC
31,2021-04-29 16:16:34+00:00,7.27,124.54,1.0,2.6,009 km N 08° E of Midsayap (Cotabato),Ms,TECTONIC
32,2021-04-29 16:07:02+00:00,10.08,122.64,78.0,2.7,012 km N 10° E of Cauayan (Negros Occidental),Ms,TECTONIC
33,2021-04-29 15:37:55+00:00,14.12,120.42,117.0,1.5,023 km N 77° W of Nasugbu (Batangas),Ms,TECTONIC
34,2021-04-29 15:37:13+00:00,21.83,121.84,25.0,3.8,115 km N 01° W of Itbayat (Batanes),Ms,TECTONIC
35,2021-04-29 15:05:30+00:00,21.5,121.74,2.0,3.8,080 km N 08° W of Itbayat (Batanes),Ms,TECTONIC
36,2021-04-29 15:05:22+00:00,7.72,124.65,2.0,2.3,011 km S 81° W of Kalilangan (Bukidnon),Ms,TECTONIC
37,2021-04-29 14:41:54+00:00,18.05,122.32,41.0,2.2,055 km S 55° E of Gonzaga (Cagayan),Ms,TECTONIC
38,2021-04-29 14:35:43+00:00,21.55,121.68,1.0,3.9,086 km N 11° W of Itbayat (Batanes),Ms,TECTONIC
39,2021-04-29 14:33:01+00:00,21.46,121.69,1.0,4.7,076 km N 12° W of Itbayat (Batanes),Ms,TECTONIC
40,2021-04-29 13:18:59+00:00,4.95,125.92,97.0,3.1,076 km S 47° E of Sarangani (Davao Occidental),Ms,TECTONIC
41,2021-04-29 13:17:28+00:00,8.42,126.88,32.0,2.1,034 km N 73° E of Hinatuan (Surigao Del Sur),Ms,TECTONIC
42,2021-04-29 12:20:03+00:00,9.72,122.64,79.0,2.0,012 km S 01° E of Candoni (Negros Occidental),Ms,TECTONIC
43,2021-04-29 07:59:24+00:00,5.49,125.31,22.0,2.6,015 km N 57° W of Sarangani (Davao Occidental),Ms,TECTONIC
44,2021-04-29 07:21:41+00:00,20.88,121.32,9.0,3.1,055 km N 80° W of Itbayat (Batanes),Ms,TECTONIC
45,2021-04-29 06:47:05+00:00,16.22,119.76,36.0,2.0,012 km N 22° W of Agno (Pangasinan),Ms,TECTONIC
46,2021-04-29 05:09:34+00:00,9.55,122.5,19.0,2.2,007 km S 42° E of Hinoba-an (Negros Occidental),Ms,TECTONIC
47,2021-04-29 05:06:19+00:00,9.26,123.18,6.0,2.1,012 km N 52° W of Dauin (Negros Oriental),Ms,TECTONIC
48,2021-04-29 04:40:37+00:00,6.04,125.14,29.0,1.9,025 km N 40° E of Maasim (Sarangani),Ms,TECTONIC
49,2021-04-29 04:34:16+00:00,13.83,120.27,31.0,1.5,012 km N 08° E of Looc (Occidental Mindoro),Ms,TECTONIC
50,2021-04-29 03:52:46+00:00,16.52,120.98,11.0,1.9,005 km S 75° W of Ambaguio (Nueva Vizcaya),Ms,TECTONIC
51,2021-04-29 03:41:19+00:00,8.39,127.19,25.0,2.8,094 km N 89° E of Hinatuan (Surigao Del Sur),Ms,TECTONIC
52,2021-04-29 02:22:37+00:00,10.77,122.92,13.0,2.4,007 km N 68° W of City Of Talisay (Negros Occidental),Ms,TECTONIC
53,2021-04-29 01:05:41+00:00,9.73,126.17,22.0,2.8,006 km S 19° E of General Luna (Surigao Del Norte),Ms,TECTONIC
54,2021-04-29 00:54:58+00:00,2.26,126.28,25.0,4.8,362 km S 15° E of Sarangani (Davao Occidental),Ms,TECTONIC
55,2021-04-28 23:13:26+00:00,9.54,125.67,30.0,1.7,008 km S 60° W of Claver (Surigao Del Norte),Ms,TECTONIC
56,2021-04-28 23:12:40+00:00,16.14,121.82,35.0,1.5,015 km S 90° W of Dinalungan (Aurora),Ms,TECTONIC
57,2021-04-28 22:02:08+00:00,10.42,126.08,24.0,2.3,044 km N 01° E of Burgos (Surigao Del Norte),Ms,TECTONIC
58,2021-04-28 19:26:55+00:00,11.72,124.16,9.0,2.7,013 km S 83° E of Esperanza (Masbate),Ms,TECTONIC
59,2021-04-28 19:06:17+00:00,8.45,126.81,21.0,3.1,053 km N 80° E of Hinatuan (Surigao Del Sur),Ms,TECTONIC
60,2021-04-28 18:39:30+00:00,16.08,119.83,32.0,2.1,005 km S 42° E of Agno (Pangasinan),Ms,TECTONIC
61,2021-04-28 18:32:27+00:00,15.2,120.31,29.0,1.8,028 km S 81° W of Mabalacat City (Pampanga),ML,VOLCANO-TECTONIC
62,2021-04-28 17:58:39+00:00,17.81,120.0,12.0,3.1,049 km S 83° W of Sinait (Ilocos Sur),Ms,TECTONIC
63,2021-04-28 17:56:09+00:00,5.19,125.37,11.0,3.2,026 km S 14° W of Sarangani (Davao Occidental),Ms,TECTONIC
64,2021-04-28 17:31:41+00:00,9.85,126.13,14.0,3.1,008 km N 23° W of General Luna (Surigao Del Norte),Ms,TECTONIC
65,2021-04-28 17:27:07+00:00,18.06,120.35,30.0,2.5,016 km N 74° W of Currimao (Ilocos Norte),Ms,TECTONIC
66,2021-04-28 17:23:46+00:00,17.93,119.81,16.0,2.9,069 km N 84° W of Sinait (Ilocos Sur),Ms,TECTONIC
67,2021-04-28 17:12:45+00:00,10.01,124.17,5.0,2.3,009 km N 41° W of Danao (Bohol),Ms,TECTONIC
68,2021-04-28 17:02:30+00:00,17.98,120.12,21.0,3.3,038 km N 71° W of Sinait (Ilocos Sur),Ms,TECTONIC
69,2021-04-28 16:56:34+00:00,10.68,122.82,11.0,2.2,019 km S 84° E of Buenavista (Guimaras),Ms,TECTONIC
70,2021-04-28 16:10:02+00:00,13.05,118.75,33.0,2.8,173 km S 59° W of Lubang (Occidental Mindoro),Ms,TECTONIC
71,2021-04-28 14:16:23+00:00,15.42,119.84,43.0,2.5,008 km S 80° W of Palauig (Zambales),Ms,TECTONIC
72,2021-04-28 13:38:53+00:00,9.93,126.09,10.0,2.8,010 km S 12° E of Burgos (Surigao Del Norte),Ms,TECTONIC
73,2021-04-28 13:18:30+00:00,10.45,125.28,20.0,2.5,011 km N 15° E of Hinundayan (Southern Leyte),Ms,TECTONIC
74,2021-04-28 13:14:38+00:00,5.71,126.73,3.0,2.6,122 km S 79° E of Jose Abad Santos (Davao Occidental),Ms,TECTONIC
75,2021-04-28 13:13:09+00:00,10.37,125.35,22.0,2.3,011 km N 82° E of Hinundayan (Southern Leyte),Ms,TECTONIC
76,2021-04-28 09:36:48+00:00,7.42,124.62,10.0,3.0,012 km S 43° W of Banisilan (Cotabato),Ms,TECTONIC
77,2021-04-28 08:01:27+00:00,8.83,126.42,33.0,1.9,014 km N 75° E of Marihatag (Surigao Del Sur),Ms,TECTONIC
78,2021-04-28 06:29:50+00:00,7.75,126.41,16.0,2.7,026 km N 40° W of Baganga (Davao Oriental),Ms,TECTONIC
79,2021-04-28 04:57:35+00:00,9.66,126.01,30.0,1.7,006 km N 48° E of Socorro (Surigao Del Norte),Ms,TECTONIC
80,2021-04-28 00:06:43+00:00,15.84,122.09,27.0,3.3,035 km S 23° E of Dinalungan (Aurora),Ms,TECTONIC
81,2021-04-27 23:03:06+00:00,15.91,119.62,34.0,1.8,030 km S 41° W of Agno (Pangasinan),Ms,TECTONIC
82,2021-04-27 22:36:07+00:00,17.71,122.68,90.0,2.4,059 km N 44° E of Divilacan (Isabela),Ms,TECTONIC
83,2021-04-27 21:56:28+00:00,9.6,126.28,17.0,2.7,024 km S 33° E of General Luna (Surigao Del Norte),Ms,TECTONIC
84,2021-04-27 21:08:58+00:00,10.48,125.78,28.0,2.3,026 km N 58° E of Loreto (Dinagat Islands),Ms,TECTONIC
85,2021-04-27 21:01:13+00:00,19.07,121.15,34.0,2.3,007 km S 55° W of Dalupiri Island (Calayan) (Cagayan),Ms,TECTONIC
86,2021-04-27 20:48:47+00:00,11.17,122.93,9.0,2.3,006 km S 01° W of Lemery (Iloilo),Ms,TECTONIC
87,2021-04-27 20:11:19+00:00,4.98,127.5,111.0,2.9,230 km S 63° E of Jose Abad Santos (Davao Occidental),Ms,TECTONIC
88,2021-04-27 20:01:41+00:00,9.61,126.27,15.0,3.3,023 km S 33° E of General Luna (Surigao Del Norte),Ms,TECTONIC
89,2021-04-27 19:56:46+00:00,10.44,123.13,3.0,2.5,011 km N 58° W of City Of Canlaon (Negros Oriental),ML,VOLCANO-TECTONIC
90,2021-04-27 17:48:28+00:00,6.85,126.16,11.0,2.8,009 km N 73° E of San Isidro (Davao Oriental),Ms,TECTONIC
91,2021-04-27 17:47:42+00:00,19.14,120.81,29.0,4.2,042 km N 84° W of Dalupiri Island (Calayan) (Cagayan),Ms,TECTONIC
92,2021-04-27 17:15:45+00:00,16.49,118.98,14.0,4.3,097 km N 65° W of Agno (Pangasinan),Ms,TECTONIC
93,2021-04-27 16:58:05+00:00,5.03,126.47,24.0,4.3,124 km S 70° E of Sarangani (Davao Occidental),Ms,TECTONIC
94,2021-04-27 16:20:55+00:00,5.15,125.37,58.0,3.3,029 km S 10° W of Sarangani (Davao Occidental),Ms,TECTONIC
95,2021-04-27 15:43:27+00:00,9.93,124.28,7.0,2.8,005 km N 07° E of Dagohoy (Bohol),Ms,TECTONIC
96,2021-04-27 15:11:08+00:00,13.95,120.5,103.0,1.8,019 km S 61° W of Lian (Batangas),Ms,TECTONIC
97,2021-04-27 14:53:46+00:00,17.77,122.75,60.0,3.9,069 km N 45° E of Divilacan (Isabela),Ms,TECTONIC
98,2021-04-27 14:39:22+00:00,18.96,120.95,28.0,2.1,031 km S 59° W of Dalupiri Island (Calayan) (Cagayan),Ms,TECTONIC
99,2021-04-27 14:31:51+00:00,8.97,122.96,17.0,2.7,013 km S 41° W of Siaton (Negros Oriental),Ms,TECTONIC
100,2021-04-27 13:58:14+00:00,10.0,126.26,11.0,2.4,020 km S 84° E of Burgos (Surigao Del Norte),Ms,TECTONIC
101,2021-04-27 13:39:20+00:00,16.63,120.97,23.0,1.9,013 km N 28° W of Ambaguio (Nueva Vizcaya),Ms,TECTONIC
102,2021-04-27 13:07:26+00:00,5.45,125.29,18.0,3.5,015 km N 74° W of Sarangani (Davao Occidental),Ms,TECTONIC
103,2021-04-27 11:46:12+00:00,5.37,125.61,102.0,3.2,021 km S 77° E of Sarangani (Davao Occidental),Ms,TECTONIC
104,2021-04-27 09:42:31+00:00,17.05,120.06,27.0,2.5,043 km S 73° W of City Of Candon (Ilocos Sur),Ms,TECTONIC
105,2021-04-27 08:44:04+00:00,10.03,126.49,5.0,4.1,046 km N 89° E of Burgos (Surigao Del Norte),Ms,TECTONIC
106,2021-04-27 08:01:22+00:00,13.93,120.5,84.0,2.0,018 km N 54° W of Calatagan (Batangas),Ms,TECTONIC
107,2021-04-27 07:33:15+00:00,11.94,120.71,22.0,2.9,056 km S 84° E of Coron (Palawan),Ms,TECTONIC
108,2021-04-27 05:44:46+00:00,9.47,122.65,26.0,1.9,025 km S 53° E of Hinoba-an (Negros Occidental),Ms,TECTONIC
109,2021-04-27 04:31:41+00:00,18.51,120.79,34.0,2.0,004 km S 38° E of Bangui (Ilocos Norte),Ms,TECTONIC
110,2021-04-27 04:24:23+00:00,13.38,120.32,34.0,1.9,016 km S 77° W of Paluan (Occidental Mindoro),Ms,TECTONIC
111,2021-04-27 03:47:33+00:00,9.63,126.2,23.0,1.7,018 km S 17° E of General Luna (Surigao Del Norte),Ms,TECTONIC
112,2021-04-27 03:38:03+00:00,9.77,126.25,9.0,2.9,011 km S 81° E of General Luna (Surigao Del Norte),Ms,TECTONIC
113,2021-04-27 03:07:59+00:00,9.76,126.34,13.0,2.3,021 km S 84° E of General Luna (Surigao Del Norte),Ms,TECTONIC
114,2021-04-27 02:33:35+00:00,8.7,126.22,128.0,2.4,014 km S 38° W of Marihatag (Surigao Del Sur),Ms,TECTONIC
115,2021-04-27 01:25:09+00:00,7.74,126.66,57.0,2.8,021 km N 32° E of Baganga (Davao Oriental),Ms,TECTONIC
116,2021-04-27 00:36:07+00:00,6.34,126.21,20.0,2.7,038 km S 23° E of Governor Generoso (Davao Oriental),Ms,TECTONIC
117,2021-04-26 22:34:10+00:00,6.41,126.26,29.0,2.8,034 km S 38° E of Governor Generoso (Davao Oriental),Ms,TECTONIC
118,2021-04-26 21:43:38+00:00,4.3,126.41,14.0,4.0,164 km S 42° E of Sarangani (Davao Occidental),Ms,TECTONIC
119,2021-04-26 21:41:36+00:00,4.14,126.33,2.0,3.2,173 km S 35° E of Sarangani (Davao Occidental),Ms,TECTONIC
120,2021-04-26 21:35:04+00:00,13.8,120.62,96.0,2.0,004 km S 28° W of Calatagan (Batangas),Ms,TECTONIC
121,2021-04-26 19:34:23+00:00,16.29,120.85,33.0,1.6,017 km N 33° W of Santa Fe (Nueva Vizcaya),Ms,TECTONIC
122,2021-04-26 19:28:10+00:00,7.92,126.58,27.0,2.8,020 km N 44° E of Cateel (Davao Oriental),Ms,TECTONIC
123,2021-04-26 17:51:30+00:00,6.69,126.63,28.0,2.8,044 km S 27° E of Tarragona (Davao Oriental),Ms,TECTONIC
124,2021-04-26 17:36:53+00:00,8.69,125.62,32.0,3.2,014 km S 79° W of City Of Bayugan (Agusan Del Sur),Ms,TECTONIC
125,2021-04-26 17:03:25+00:00,9.13,122.61,22.0,2.2,031 km S 05° W of Basay (Negros Oriental),Ms,TECTONIC
126,2021-04-26 16:48:13+00:00,15.39,120.11,39.0,1.8,015 km N 41° E of Botolan (Zambales),Ms,TECTONIC
127,2021-04-26 16:23:50+00:00,8.97,126.42,19.0,2.9,015 km N 89° E of Bayabas (Surigao Del Sur),Ms,TECTONIC
128,2021-04-26 16:09:00+00:00,11.51,125.09,54.0,2.0,015 km S 32° E of Calbiga (Samar),Ms,TECTONIC
129,2021-04-26 13:59:57+00:00,8.65,126.11,137.0,3.1,017 km S 50° W of San Agustin (Surigao Del Sur),Ms,TECTONIC
130,2021-04-26 13:52:24+00:00,9.77,123.79,28.0,2.0,021 km N 10° E of Panglao (Bohol),Ms,TECTONIC
131,2021-04-26 13:47:03+00:00,16.31,119.71,21.0,2.5,021 km S 67° W of Bolinao (Pangasinan),Ms,TECTONIC
132,2021-04-26 13:23:24+00:00,10.56,126.14,2.0,2.6,049 km S 66° E of Homonhon Island (Guiuan) (Eastern Samar),Ms,TECTONIC
133,2021-04-26 13:11:32+00:00,8.82,125.74,13.0,2.6,012 km N 08° W of City Of Bayugan (Agusan Del Sur),Ms,TECTONIC
134,2021-04-26 12:16:20+00:00,15.5,119.08,12.0,3.1,090 km N 86° W of Palauig (Zambales),Ms,TECTONIC
135,2021-04-26 10:52:35+00:00,6.24,127.28,141.0,3.2,129 km S 46° E of Tarragona (Davao Oriental),Ms,TECTONIC
136,2021-04-26 06:04:18+00:00,7.23,125.0,5.0,2.3,006 km S 73° W of Antipas (Cotabato),Ms,TECTONIC
137,2021-04-26 05:50:51+00:00,16.08,121.98,23.0,2.6,026 km S 35° W of Casiguran (Aurora),Ms,TECTONIC
138,2021-04-26 02:30:52+00:00,6.89,125.09,20.0,2.3,007 km S 01° E of Makilala (Cotabato),Ms,TECTONIC
139,2021-04-26 00:30:51+00:00,14.91,122.81,34.0,2.2,051 km N 17° W of Tinaga Island (Vinzons) (Camarines Norte),Ms,TECTONIC
140,2021-04-26 00:28:18+00:00,10.51,125.14,23.0,2.4,003 km S 46° W of Silago (Southern Leyte),Ms,TECTONIC
141,2021-04-26 00:26:59+00:00,10.46,125.16,26.0,2.2,009 km N 34° W of Hinunangan (Southern Leyte),Ms,TECTONIC
142,2021-04-25 22:35:23+00:00,10.44,125.1,1.0,3.4,011 km N 66° W of Hinunangan (Southern Leyte),Ms,TECTONIC
143,2021-04-25 21:44:46+00:00,13.78,120.57,81.0,2.2,009 km S 50° W of Calatagan (Batangas),Ms,TECTONIC
144,2021-04-25 21:21:11+00:00,7.99,126.58,55.0,4.0,026 km N 32° E of Cateel (Davao Oriental),Ms,TECTONIC
145,2021-04-25 20:54:41+00:00,7.97,124.86,10.0,3.8,016 km N 14° E of Pangantucan (Bukidnon),Ms,TECTONIC
146,2021-04-25 20:48:12+00:00,9.58,126.22,34.0,1.7,024 km S 18° E of General Luna (Surigao Del Norte),Ms,TECTONIC
147,2021-04-25 20:04:42+00:00,5.68,126.08,11.0,3.2,055 km S 62° E of Jose Abad Santos (Davao Occidental),Ms,TECTONIC
148,2021-04-25 19:45:43+00:00,14.18,122.26,8.0,1.9,014 km S 88° W of Santa Elena (Camarines Norte),Ms,TECTONIC
149,2021-04-25 19:13:34+00:00,10.4,125.17,39.0,2.3,003 km N 76° W of Hinunangan (Southern Leyte),Ms,TECTONIC
150,2021-04-25 19:12:40+00:00,10.42,125.09,1.0,3.0,013 km N 76° W of Hinunangan (Southern Leyte),Ms,TECTONIC
151,2021-04-25 19:05:20+00:00,5.9,126.9,77.0,3.2,124 km S 47° E of Governor Generoso (Davao Oriental),Ms,TECTONIC
152,2021-04-25 18:52:13+00:00,6.39,126.34,17.0,2.5,041 km S 45° E of Governor Generoso (Davao Oriental),Ms,TECTONIC
153,2021-04-25 17:32:24+00:00,9.94,126.28,15.0,2.4,022 km N 39° E of General Luna (Surigao Del Norte),Ms,TECTONIC
154,2021-04-25 16:28:49+00:00,9.86,125.45,23.0,2.0,010 km N 19° E of San Francisco (Surigao Del Norte),Ms,TECTONIC
155,2021-04-25 16:13:34+00:00,9.87,126.23,11.0,2.0,012 km N 40° E of General Luna (Surigao Del Norte),Ms,TECTONIC
156,2021-04-25 15:59:41+00:00,6.06,126.2,13.0,2.9,064 km N 75° E of Jose Abad Santos (Davao Occidental),Ms,TECTONIC
157,2021-04-25 15:55:26+00:00,8.31,126.31,65.0,2.7,010 km N 03° W of City Of Bislig (Surigao Del Sur),Ms,TECTONIC
158,2021-04-25 15:50:02+00:00,9.65,126.57,7.0,3.0,048 km S 72° E of General Luna (Surigao Del Norte),Ms,TECTONIC
159,2021-04-25 15:20:14+00:00,11.26,124.66,6.0,2.2,004 km S 27° E of Capoocan (Leyte),Ms,TECTONIC
160,2021-04-25 14:32:39+00:00,6.72,125.3,16.0,2.9,009 km N 80° E of Matanao (Davao Del Sur),Ms,TECTONIC
161,2021-04-25 13:37:16+00:00,9.85,126.33,13.0,3.3,020 km N 68° E of General Luna (Surigao Del Norte),Ms,TECTONIC
162,2021-04-25 13:36:02+00:00,10.01,126.53,4.0,3.1,048 km N 59° E of General Luna (Surigao Del Norte),Ms,TECTONIC
163,2021-04-25 13:14:56+00:00,8.05,124.9,30.0,2.5,026 km N 19° E of Pangantucan (Bukidnon),Ms,TECTONIC
164,2021-04-25 13:10:37+00:00,13.66,120.88,90.0,2.0,001 km N 66° E of Tingloy (Batangas),Ms,TECTONIC
165,2021-04-25 13:05:42+00:00,10.07,126.62,2.0,3.5,060 km N 84° E of Burgos (Surigao Del Norte),Ms,TECTONIC
166,2021-04-25 12:50:35+00:00,10.91,125.81,3.0,3.5,017 km S 33° E of Guiuan (Eastern Samar),Ms,TECTONIC
167,2021-04-25 12:49:38+00:00,9.98,126.24,10.0,1.9,020 km N 51° E of Pilar (Surigao Del Norte),Ms,TECTONIC
168,2021-04-25 11:58:12+00:00,9.99,126.51,4.0,3.6,046 km N 59° E of General Luna (Surigao Del Norte),Ms,TECTONIC
169,2021-04-25 11:48:21+00:00,9.97,126.23,13.0,2.2,003 km S 45° W of Burgos (Surigao Del Norte),Ms,TECTONIC
170,2021-04-25 11:46:14+00:00,19.95,121.69,14.0,3.0,047 km S 25° W of Sabtang (Batanes),Ms,TECTONIC
171,2021-04-25 11:03:34+00:00,9.07,126.56,1.0,2.6,033 km N 70° E of Bayabas (Surigao Del Sur),Ms,TECTONIC
172,2021-04-25 07:53:43+00:00,14.21,123.73,45.0,2.3,036 km N 05° E of Garchitorena (Camarines Sur),Ms,TECTONIC
173,2021-04-25 06:43:26+00:00,6.12,125.6,98.0,2.4,015 km S 47° W of Don Marcelino (Davao Occidental),Ms,TECTONIC
174,2021-04-24 21:22:38+00:00,10.26,124.48,18.0,2.6,021 km N 54° E of Talibon (Bohol),Ms,TECTONIC
175,2021-04-24 21:19:37+00:00,10.15,124.96,2.0,2.6,013 km N 79° E of City Of Maasin (Southern Leyte),Ms,TECTONIC
176,2021-04-24 20:43:24+00:00,14.47,119.04,59.0,3.4,125 km S 65° W of San Antonio (Zambales),Ms,TECTONIC
177,2021-04-24 20:35:52+00:00,18.02,120.4,22.0,2.9,013 km N 37° W of Badoc (Ilocos Norte),Ms,TECTONIC
178,2021-04-24 20:26:22+00:00,11.71,124.27,21.0,3.2,010 km N 69° W of Kawayan (Biliran),Ms,TECTONIC
179,2021-04-24 19:53:18+00:00,5.46,126.31,1.0,3.4,089 km S 56° E of Jose Abad Santos (Davao Occidental),Ms,TECTONIC
180,2021-04-24 19:45:33+00:00,19.53,121.55,13.0,2.0,031 km N 15° E of Calayan (Cagayan),Ms,TECTONIC
181,2021-04-24 19:44:17+00:00,13.64,124.24,31.0,2.4,007 km N 05° E of Virac (Catanduanes),Ms,TECTONIC
182,2021-04-24 18:43:02+00:00,17.85,121.04,28.0,2.7,027 km N 59° E of Tineg (Abra),Ms,TECTONIC
183,2021-04-24 18:00:28+00:00,5.12,126.29,14.0,3.4,098 km S 74° E of Sarangani (Davao Occidental),Ms,TECTONIC
184,2021-04-24 17:45:40+00:00,17.43,120.39,23.0,2.7,008 km S 38° W of Santa (Ilocos Sur),Ms,TECTONIC
185,2021-04-24 17:45:00+00:00,9.99,126.23,11.0,2.6,024 km N 21° E of General Luna (Surigao Del Norte),unspecified,unspecified
186,2021-04-24 17:45:10+00:00,9.99,126.23,11.0,2.6,024 km N 21° E of General Luna (Surigao Del Norte),Ms,TECTONIC
187,2021-04-24 15:43:58+00:00,13.42,123.3,21.0,1.7,006 km S 27° E of Bula (Camarines Sur),Ms,TECTONIC
188,2021-04-24 14:04:11+00:00,5.9,124.83,6.0,2.5,024 km S 67° E of Kiamba (Sarangani),Ms,TECTONIC
189,2021-04-24 13:40:01+00:00,9.82,125.48,25.0,1.8,004 km N 29° W of City Of Surigao (Surigao Del Norte),Ms,TECTONIC
190,2021-04-24 11:40:54+00:00,17.47,120.74,12.0,1.9,007 km S 22° E of Bucay (Abra),Ms,TECTONIC
191,2021-04-24 11:11:41+00:00,18.17,120.59,25.0,3.1,003 km S 08° W of City Of Laoag (Ilocos Norte),Ms,TECTONIC
192,2021-04-24 10:08:45+00:00,13.5,120.37,32.0,2.0,013 km N 49° W of Paluan (Occidental Mindoro),Ms,TECTONIC
193,2021-04-24 09:54:05+00:00,18.17,120.14,24.0,2.6,040 km N 66° W of Currimao (Ilocos Norte),Ms,TECTONIC
194,2021-04-24 08:53:08+00:00,13.58,120.6,126.0,2.5,020 km N 42° W of Abra De Ilog (Occidental Mindoro),Ms,TECTONIC
195,2021-04-24 05:18:35+00:00,16.27,122.16,9.0,2.4,004 km S 74° E of Casiguran (Aurora),Ms,TECTONIC
196,2021-04-24 03:15:18+00:00,19.27,120.28,18.0,3.7,092 km N 25° W of Burgos (Ilocos Norte),Ms,TECTONIC
197,2021-04-24 02:23:29+00:00,7.02,122.97,56.0,2.6,035 km S 24° E of Olutanga (Zamboanga Sibugay),Ms,TECTONIC
198,2021-04-24 00:39:07+00:00,8.63,125.88,16.0,2.7,023 km N 27° E of Talacogon (Agusan Del Sur),Ms,TECTONIC
199,2021-04-23 23:09:18+00:00,5.06,126.51,1.0,4.8,127 km S 72° E of Sarangani (Davao Occidental),Ms,TECTONIC
200,2021-04-23 22:39:20+00:00,3.66,126.26,25.0,3.3,215 km S 26° E of Sarangani (Davao Occidental),Ms,TECTONIC
201,2021-04-23 22:22:25+00:00,9.46,123.82,16.0,2.4,015 km S 31° E of Panglao (Bohol),Ms,TECTONIC
202,2021-04-23 22:00:56+00:00,10.34,125.08,6.0,3.1,012 km S 65° E of Sogod (Southern Leyte),Ms,TECTONIC
203,2021-04-23 21:50:58+00:00,5.45,126.36,1.0,3.6,104 km N 87° E of Sarangani (Davao Occidental),Ms,TECTONIC
204,2021-04-23 21:30:58+00:00,6.79,126.86,8.0,2.7,058 km S 37° E of Manay (Davao Oriental),Ms,TECTONIC
205,2021-04-23 21:07:28+00:00,4.22,125.93,125.0,2.6,143 km S 23° E of Sarangani (Davao Occidental),Ms,TECTONIC
206,2021-04-23 20:57:45+00:00,10.49,125.1,8.0,2.4,018 km N 48° E of Sogod (Southern Leyte),Ms,TECTONIC
207,2021-04-23 19:43:48+00:00,5.46,126.34,1.0,3.0,102 km N 87° E of Sarangani (Davao Occidental),Ms,TECTONIC
208,2021-04-23 18:55:09+00:00,5.53,126.23,24.0,3.6,077 km S 57° E of Jose Abad Santos (Davao Occidental),Ms,TECTONIC
209,2021-04-23 18:45:34+00:00,5.38,126.22,27.0,4.9,088 km S 87° E of Sarangani (Davao Occidental),Ms,TECTONIC
210,2021-04-23 18:11:48+00:00,7.24,126.92,22.0,2.5,041 km S 76° E of Caraga (Davao Oriental),Ms,TECTONIC
211,2021-04-23 18:06:40+00:00,6.49,126.46,34.0,3.0,046 km S 67° E of Governor Generoso (Davao Oriental),Ms,TECTONIC
212,2021-04-23 18:04:03+00:00,6.48,125.66,197.0,2.5,009 km N 34° E of Malita (Davao Occidental),Ms,TECTONIC
213,2021-04-23 17:30:14+00:00,10.22,123.26,27.0,1.8,011 km N 06° W of City Of Guihulngan (Negros Oriental),Ms,TECTONIC
214,2021-04-23 17:27:25+00:00,9.52,126.88,17.0,2.5,080 km N 71° E of Cortes (Surigao Del Sur),Ms,TECTONIC
215,2021-04-23 17:03:26+00:00,8.27,125.95,23.0,2.2,014 km S 25° W of Rosario (Agusan Del Sur),Ms,TECTONIC
216,2021-04-23 16:29:11+00:00,9.83,124.22,30.0,2.0,003 km N 64° E of Carmen (Bohol),Ms,TECTONIC
217,2021-04-23 16:21:57+00:00,9.93,122.56,28.0,2.1,008 km S 57° W of Cauayan (Negros Occidental),Ms,TECTONIC
218,2021-04-23 15:54:04+00:00,16.64,120.23,1.0,2.2,010 km N 72° W of City Of San Fernando (La Union),Ms,TECTONIC
219,2021-04-23 15:07:06+00:00,18.03,121.04,33.0,2.1,015 km N 87° W of Kabugao (Apayao),Ms,TECTONIC
220,2021-04-23 13:50:12+00:00,9.88,125.79,31.0,1.8,022 km S 69° E of Dinagat (Dinagat Islands),Ms,TECTONIC
221,2021-04-23 13:38:42+00:00,10.42,125.12,1.0,3.6,015 km N 77° E of Sogod (Southern Leyte),Ms,TECTONIC
222,2021-04-23 13:35:44+00:00,9.75,122.45,27.0,1.9,003 km S 39° E of City Of Sipalay (Negros Occidental),Ms,TECTONIC
223,2021-04-23 13:19:42+00:00,4.56,125.99,138.0,3.1,114 km S 33° E of Sarangani (Davao Occidental),Ms,TECTONIC
224,2021-04-23 12:09:11+00:00,6.48,125.59,205.0,3.2,008 km N 13° W of Malita (Davao Occidental),Ms,TECTONIC
225,2021-04-23 11:59:34+00:00,6.54,125.98,12.0,2.0,016 km S 40° W of Governor Generoso (Davao Oriental),Ms,TECTONIC
226,2021-04-23 11:15:16+00:00,3.13,126.66,51.0,3.4,288 km S 29° E of Sarangani (Davao Occidental),Ms,TECTONIC
227,2021-04-23 10:39:49+00:00,8.32,125.94,10.0,4.3,023 km S 50° E of Talacogon (Agusan Del Sur),Ms,TECTONIC
228,2021-04-23 10:34:05+00:00,8.44,125.76,69.0,2.8,003 km S 63° W of Talacogon (Agusan Del Sur),Ms,TECTONIC
229,2021-04-23 10:12:52+00:00,8.51,126.0,26.0,2.2,014 km N 01° W of Rosario (Agusan Del Sur),Ms,TECTONIC
230,2021-04-23 10:12:29+00:00,8.36,125.79,64.0,2.6,009 km S 02° E of Talacogon (Agusan Del Sur),Ms,TECTONIC
231,2021-04-23 10:11:03+00:00,10.45,125.15,8.0,2.5,008 km N 42° W of Hinunangan (Southern Leyte),Ms,TECTONIC
232,2021-04-23 09:58:31+00:00,8.48,125.74,52.0,3.2,006 km N 50° W of Talacogon (Agusan Del Sur),Ms,TECTONIC
233,2021-04-23 09:56:38+00:00,8.48,125.75,49.0,3.4,005 km N 53° W of Talacogon (Agusan Del Sur),Ms,TECTONIC
234,2021-04-23 09:54:54+00:00,8.32,125.95,7.0,2.7,023 km S 52° E of Talacogon (Agusan Del Sur),Ms,TECTONIC
235,2021-04-23 09:35:42+00:00,5.63,126.58,37.0,2.9,108 km S 73° E of Jose Abad Santos (Davao Occidental),Ms,TECTONIC
236,2021-04-23 08:48:16+00:00,8.5,125.77,52.0,4.4,006 km N 10° W of Talacogon (Agusan Del Sur),Ms,TECTONIC
237,2021-04-23 07:04:26+00:00,10.47,125.08,2.0,3.9,011 km S 56° W of Silago (Southern Leyte),Ms,TECTONIC
238,2021-04-23 06:07:31+00:00,13.52,122.3,12.0,2.5,011 km S 88° W of Mulanay (Quezon),Ms,TECTONIC
239,2021-04-23 05:25:59+00:00,10.45,125.06,3.0,3.2,011 km N 48° E of Sogod (Southern Leyte),Ms,TECTONIC
240,2021-04-23 03:41:59+00:00,9.65,126.11,32.0,2.1,016 km S 21° W of General Luna (Surigao Del Norte),Ms,TECTONIC
241,2021-04-23 03:15:51+00:00,6.5,126.08,113.0,2.9,017 km S 03° E of Governor Generoso (Davao Oriental),Ms,TECTONIC
242,2021-04-22 22:43:27+00:00,10.22,126.29,8.0,3.0,032 km N 47° E of Burgos (Surigao Del Norte),Ms,TECTONIC
243,2021-04-22 22:43:28+00:00,15.62,119.88,17.0,3.1,006 km S 83° W of Candelaria (Zambales),Ms,TECTONIC
244,2021-04-22 22:37:43+00:00,10.46,125.09,1.0,3.2,015 km N 54° E of Sogod (Southern Leyte),Ms,TECTONIC
245,2021-04-22 21:10:27+00:00,10.38,125.1,11.0,2.6,013 km S 87° E of Sogod (Southern Leyte),Ms,TECTONIC
246,2021-04-22 20:58:44+00:00,6.31,126.84,20.0,2.3,092 km S 28° E of Tarragona (Davao Oriental),Ms,TECTONIC
247,2021-04-22 20:46:57+00:00,10.47,125.1,23.0,3.4,016 km N 55° E of Sogod (Southern Leyte),Ms,TECTONIC
248,2021-04-22 20:40:31+00:00,6.07,125.91,135.0,2.8,034 km N 59° E of Jose Abad Santos (Davao Occidental),Ms,TECTONIC
249,2021-04-22 20:34:17+00:00,10.4,125.1,29.0,2.3,014 km N 81° E of Sogod (Southern Leyte),Ms,TECTONIC
250,2021-04-22 20:31:20+00:00,10.42,125.03,1.0,4.6,007 km N 54° E of Sogod (Southern Leyte),Mw,TECTONIC
251,2021-04-22 20:12:30+00:00,8.29,125.96,22.0,2.6,017 km N 87° E of La Paz (Agusan Del Sur),Ms,TECTONIC
252,2021-04-22 20:05:55+00:00,9.65,126.24,16.0,1.9,018 km S 32° E of General Luna (Surigao Del Norte),Ms,TECTONIC
253,2021-04-22 19:32:36+00:00,6.61,126.64,28.0,2.3,053 km S 23° E of Tarragona (Davao Oriental),Ms,TECTONIC
254,2021-04-22 18:41:08+00:00,5.02,126.37,1.0,3.5,114 km S 68° E of Sarangani (Davao Occidental),Ms,TECTONIC
255,2021-04-22 18:33:29+00:00,3.06,126.23,37.0,4.8,275 km S 19° E of Sarangani (Davao Occidental),Ms,TECTONIC
256,2021-04-22 18:22:51+00:00,10.01,126.94,29.0,2.4,090 km N 74° E of General Luna (Surigao Del Norte),Ms,TECTONIC
257,2021-04-22 17:44:59+00:00,10.57,125.82,30.0,2.2,022 km S 28° E of Homonhon Island (Guiuan) (Eastern Samar),Ms,TECTONIC
258,2021-04-22 17:08:10+00:00,18.72,121.48,61.0,2.0,019 km S 38° E of Fuga Island (Aparri) (Cagayan),Ms,TECTONIC
259,2021-04-22 16:49:08+00:00,9.88,122.3,24.0,2.2,019 km N 50° W of City Of Sipalay (Negros Occidental),Ms,TECTONIC
260,2021-04-22 16:43:47+00:00,6.43,125.56,201.0,3.1,006 km N 68° W of Malita (Davao Occidental),Ms,TECTONIC
261,2021-04-22 16:27:39+00:00,9.05,126.33,37.0,2.0,010 km N 32° E of Bayabas (Surigao Del Sur),Ms,TECTONIC
262,2021-04-22 16:15:31+00:00,5.04,127.52,91.0,3.1,229 km S 65° E of Jose Abad Santos (Davao Occidental),Ms,TECTONIC
263,2021-04-22 15:49:28+00:00,7.21,125.98,22.0,2.3,013 km N 45° E of Pantukan (Davao De Oro),Ms,TECTONIC
264,2021-04-22 12:33:09+00:00,6.55,125.3,1.0,2.7,009 km S 34° E of Kiblawan (Davao Del Sur),Ms,TECTONIC
265,2021-04-22 11:57:57+00:00,10.14,126.04,10.0,2.3,014 km N 14° W of Burgos (Surigao Del Norte),Ms,TECTONIC
266,2021-04-22 06:48:04+00:00,8.71,126.24,17.0,2.4,004 km S 28° E of San Agustin (Surigao Del Sur),Ms,TECTONIC
267,2021-04-22 04:48:54+00:00,9.92,122.9,5.0,2.5,020 km N 10° W of Mabinay (Negros Oriental),Ms,TECTONIC
268,2021-04-22 03:11:22+00:00,7.79,124.6,1.0,2.2,017 km N 72° W of Kalilangan (Bukidnon),Ms,TECTONIC
269,2021-04-21 23:52:50+00:00,13.85,120.85,8.0,2.7,008 km S 66° W of Lemery (Batangas),ML,VOLCANO-TECTONIC
270,2021-04-21 23:34:04+00:00,17.97,120.98,15.0,1.5,025 km S 41° E of Carasi (Ilocos Norte),Ms,TECTONIC
271,2021-04-21 22:54:39+00:00,3.76,125.98,31.0,3.4,193 km S 19° E of Sarangani (Davao Occidental),Ms,TECTONIC
272,2021-04-21 20:34:38+00:00,6.7,126.43,28.0,2.7,037 km S 41° E of City Of Mati (Davao Oriental),Ms,TECTONIC
273,2021-04-21 20:03:14+00:00,3.57,126.27,28.0,3.3,225 km S 25° E of Sarangani (Davao Occidental),Ms,TECTONIC
274,2021-04-21 19:57:18+00:00,6.37,127.17,30.0,3.3,110 km S 47° E of Tarragona (Davao Oriental),Ms,TECTONIC
275,2021-04-21 19:37:53+00:00,14.17,120.31,119.0,2.5,036 km N 74° W of Nasugbu (Batangas),Ms,TECTONIC
276,2021-04-21 18:27:15+00:00,5.98,126.56,108.0,2.6,092 km S 36° E of Governor Generoso (Davao Oriental),Ms,TECTONIC
277,2021-04-21 18:16:44+00:00,9.03,126.33,27.0,1.5,008 km N 40° E of Bayabas (Surigao Del Sur),Ms,TECTONIC
278,2021-04-21 16:42:28+00:00,16.87,121.67,35.0,1.9,022 km N 33° E of City Of Santiago,Ms,TECTONIC
279,2021-04-21 16:33:30+00:00,16.28,122.02,25.0,2.3,011 km 00 °est of Casiguran (Aurora),Ms,TECTONIC
280,2021-04-21 15:59:05+00:00,9.79,122.48,13.0,2.3,006 km N 69° E of City Of Sipalay (Negros Occidental),Ms,TECTONIC
281,2021-04-21 15:49:32+00:00,10.88,126.09,24.0,2.7,044 km S 67° E of Guiuan (Eastern Samar),Ms,TECTONIC
282,2021-04-21 15:32:50+00:00,10.95,126.09,7.0,4.0,041 km S 77° E of Guiuan (Eastern Samar),Ms,TECTONIC
283,2021-04-21 15:31:34+00:00,10.48,124.91,4.0,2.7,016 km S 25° W of Mahaplag (Leyte),Ms,TECTONIC
284,2021-04-21 15:06:59+00:00,8.56,126.61,29.0,1.9,037 km N 55° E of Hinatuan (Surigao Del Sur),Ms,TECTONIC
285,2021-04-21 14:25:49+00:00,17.23,120.66,21.0,3.0,010 km N 12° W of Quirino (Ilocos Sur),Ms,TECTONIC
286,2021-04-21 11:54:28+00:00,14.22,120.36,76.0,2.2,027 km S 30° W of Mariveles (Bataan),Ms,TECTONIC
287,2021-04-21 11:38:17+00:00,9.12,126.4,23.0,2.3,021 km N 37° E of Bayabas (Surigao Del Sur),Ms,TECTONIC
288,2021-04-21 10:56:00+00:00,19.14,121.26,36.0,2.3,009 km N 76° E of Dalupiri Island (Calayan) (Cagayan),Ms,TECTONIC
289,2021-04-21 10:52:45+00:00,8.71,125.72,8.0,2.1,003 km S 75° W of City Of Bayugan (Agusan Del Sur),Ms,TECTONIC
290,2021-04-21 10:25:14+00:00,8.67,125.8,12.0,2.6,008 km S 50° E of City Of Bayugan (Agusan Del Sur),Ms,TECTONIC
291,2021-04-21 08:45:12+00:00,8.67,125.8,13.0,3.7,008 km S 49° E of City Of Bayugan (Agusan Del Sur),Ms,TECTONIC
292,2021-04-21 06:35:17+00:00,14.25,120.36,98.0,2.4,025 km S 34° W of Mariveles (Bataan),Ms,TECTONIC
293,2021-04-21 06:18:46+00:00,6.89,121.61,6.0,3.5,026 km N 04° E of Hadji Muhtamad (Basilan),Ms,TECTONIC
294,2021-04-21 02:17:26+00:00,9.81,125.83,33.0,2.0,017 km S 65° W of Del Carmen (Surigao Del Norte),Ms,TECTONIC
295,2021-04-21 02:10:05+00:00,9.79,122.33,15.0,2.0,012 km N 81° W of City Of Sipalay (Negros Occidental),Ms,TECTONIC
296,2021-04-20 18:01:31+00:00,15.14,119.59,21.0,2.8,046 km S 63° W of Iba (Zambales),Ms,TECTONIC
297,2021-04-20 17:37:57+00:00,5.57,125.27,20.0,3.0,024 km N 44° W of Sarangani (Davao Occidental),Ms,TECTONIC
298,2021-04-20 16:56:58+00:00,14.11,120.41,185.0,2.8,024 km N 82° W of Nasugbu (Batangas),Ms,TECTONIC
299,2021-04-20 16:33:29+00:00,5.14,126.25,10.0,2.9,096 km S 72° E of Sarangani (Davao Occidental),Ms,TECTONIC
300,2021-04-20 16:26:26+00:00,9.39,126.22,25.0,2.8,013 km N 12° E of Cortes (Surigao Del Sur),Ms,TECTONIC
301,2021-04-20 14:14:15+00:00,15.98,119.72,33.0,1.8,018 km S 85° W of Dasol (Pangasinan),Ms,TECTONIC
302,2021-04-20 13:46:32+00:00,4.33,126.24,9.0,3.2,165 km S 34° E of Sarangani (Davao Occidental),Ms,TECTONIC
303,2021-04-20 11:44:58+00:00,15.75,120.58,4.0,2.1,007 km S 29° W of San Manuel (Tarlac),Ms,TECTONIC
304,2021-04-20 11:30:23+00:00,5.01,126.47,11.0,3.2,123 km S 70° E of Sarangani (Davao Occidental),Ms,TECTONIC
305,2021-04-20 09:56:40+00:00,5.09,126.57,1.0,3.4,132 km S 74° E of Sarangani (Davao Occidental),Ms,TECTONIC
306,2021-04-20 09:13:56+00:00,5.47,126.21,8.0,3.2,080 km S 52° E of Jose Abad Santos (Davao Occidental),Ms,TECTONIC
307,2021-04-20 08:30:11+00:00,9.52,126.06,35.0,3.9,021 km N 35° E of Carrascal (Surigao Del Sur),Ms,TECTONIC
308,2021-04-20 06:54:23+00:00,6.57,126.02,34.0,2.3,011 km S 33° W of Governor Generoso (Davao Oriental),Ms,TECTONIC
309,2021-04-20 06:15:15+00:00,9.83,126.14,26.0,2.1,005 km N 21° W of General Luna (Surigao Del Norte),Ms,TECTONIC
310,2021-04-20 04:05:19+00:00,10.13,125.11,6.0,2.5,010 km N 36° W of San Francisco (Southern Leyte),Ms,TECTONIC
311,2021-04-20 03:27:19+00:00,8.65,126.41,30.0,2.0,023 km S 64° E of San Agustin (Surigao Del Sur),Ms,TECTONIC
312,2021-04-20 01:08:53+00:00,6.57,125.26,4.0,3.1,006 km S 07° E of Kiblawan (Davao Del Sur),Ms,TECTONIC
313,2021-04-19 23:49:39+00:00,6.99,123.85,636.0,4.6,021 km S 65° W of Datu Blah T. Sinsuat (Maguindanao),Ms,TECTONIC
314,2021-04-19 19:39:44+00:00,10.28,122.25,1.0,2.6,036 km S 19° E of San Joaquin (Iloilo),Ms,TECTONIC
315,2021-04-19 19:13:30+00:00,14.17,121.27,34.0,1.6,005 km S 86° E of Los Baños (Laguna),Ms,TECTONIC
316,2021-04-19 18:38:45+00:00,14.16,121.26,22.0,2.3,004 km S 66° E of Los Baños (Laguna),Ms,TECTONIC
317,2021-04-19 17:02:27+00:00,15.47,120.19,33.0,2.6,030 km N 82° E of Palauig (Zambales),Ms,TECTONIC
318,2021-04-19 17:00:38+00:00,13.73,120.57,95.0,1.8,013 km S 29° W of Calatagan (Batangas),Ms,TECTONIC
319,2021-04-19 12:10:33+00:00,14.03,120.21,27.0,1.5,022 km N 27° E of Lubang (Occidental Mindoro),Ms,TECTONIC
320,2021-04-19 10:21:46+00:00,14.15,121.33,22.0,2.1,012 km S 76° E of Los Baños (Laguna),Ms,TECTONIC
321,2021-04-19 10:16:26+00:00,14.14,121.31,16.0,1.6,011 km S 68° E of Los Baños (Laguna),Ms,TECTONIC
322,2021-04-19 07:58:36+00:00,15.07,119.94,18.0,2.5,014 km N 86° W of San Felipe (Zambales),Ms,TECTONIC
323,2021-04-19 07:07:04+00:00,15.22,119.84,35.0,3.7,019 km S 52° W of Iba (Zambales),Ms,TECTONIC
324,2021-04-19 04:32:45+00:00,9.67,124.71,6.0,3.1,016 km S 59° E of Anda (Bohol),Ms,TECTONIC
325,2021-04-18 23:02:42+00:00,16.19,121.82,19.0,3.0,016 km N 71° W of Dinalungan (Aurora),Ms,TECTONIC
326,2021-04-18 20:34:40+00:00,15.33,119.87,23.0,2.8,012 km S 21° W of Palauig (Zambales),Ms,TECTONIC
327,2021-04-18 17:18:17+00:00,7.06,125.98,30.0,2.5,012 km S 54° E of Pantukan (Davao De Oro),Ms,TECTONIC
328,2021-04-18 17:13:23+00:00,7.41,123.42,33.0,2.4,005 km S 07° E of Tabina (Zamboanga Del Sur),Ms,TECTONIC
329,2021-04-18 15:38:44+00:00,6.05,124.88,22.0,2.0,030 km N 76° E of Kiamba (Sarangani),Ms,TECTONIC
330,2021-04-18 14:49:30+00:00,13.59,121.45,24.0,2.4,026 km S 12° E of San Juan (Batangas),Ms,TECTONIC
331,2021-04-18 14:29:38+00:00,11.07,124.61,27.0,1.8,006 km N 08° E of Ormoc City (Leyte),Ms,TECTONIC
332,2021-04-18 11:55:21+00:00,11.44,124.42,8.0,2.7,001 km S 59° W of Calubian (Leyte),Ms,TECTONIC
333,2021-04-18 10:57:00+00:00,11.46,124.41,9.0,3.1,002 km N 51° W of Calubian (Leyte),Ms,TECTONIC
334,2021-04-18 09:13:11+00:00,5.5,126.05,81.0,2.8,063 km S 45° E of Jose Abad Santos (Davao Occidental),Ms,TECTONIC
335,2021-04-18 06:30:55+00:00,5.07,126.45,2.0,3.3,128 km S 44° E of Jose Abad Santos (Davao Occidental),Ms,TECTONIC
336,2021-04-18 05:58:55+00:00,6.85,126.38,29.0,3.1,021 km S 57° E of City Of Mati (Davao Oriental),Ms,TECTONIC
337,2021-04-18 02:56:54+00:00,13.27,120.84,63.0,2.2,023 km S 33° E of Abra De Ilog (Occidental Mindoro),Ms,TECTONIC
338,2021-04-18 01:39:39+00:00,9.85,125.43,26.0,1.8,009 km N 05° E of San Francisco (Surigao Del Norte),Ms,TECTONIC
339,2021-04-18 00:21:28+00:00,13.65,120.57,69.0,3.2,021 km S 18° W of Calatagan (Batangas),Ms,TECTONIC
340,2021-04-17 23:52:35+00:00,9.94,125.48,25.0,3.0,014 km S 48° W of San Jose (Dinagat Islands),Ms,TECTONIC
341,2021-04-17 22:02:04+00:00,18.04,120.7,34.0,2.1,002 km S 78° E of Marcos (Ilocos Norte),Ms,TECTONIC
342,2021-04-17 20:43:32+00:00,6.32,126.11,65.0,3.3,048 km N 74° E of Don Marcelino (Davao Occidental),Ms,TECTONIC
343,2021-04-17 20:16:18+00:00,5.05,126.12,8.0,3.0,085 km S 64° E of Sarangani (Davao Occidental),Ms,TECTONIC
344,2021-04-17 19:43:36+00:00,15.87,119.55,29.0,2.1,038 km N 83° W of Infanta (Pangasinan),Ms,TECTONIC
345,2021-04-17 19:38:28+00:00,13.6,120.62,117.0,3.4,021 km N 35° W of Abra De Ilog (Occidental Mindoro),Ms,TECTONIC
346,2021-04-17 19:34:57+00:00,7.41,127.37,1.0,3.9,089 km N 84° E of Caraga (Davao Oriental),Ms,TECTONIC
347,2021-04-17 19:23:58+00:00,4.52,124.05,150.0,3.3,175 km S 21° W of Kiamba (Sarangani),Ms,TECTONIC
348,2021-04-17 19:08:56+00:00,13.9,120.53,70.0,1.9,014 km N 56° W of Calatagan (Batangas),Ms,TECTONIC
349,2021-04-17 19:00:12+00:00,9.57,126.14,61.0,2.1,020 km S 74° E of Socorro (Surigao Del Norte),Ms,TECTONIC
350,2021-04-17 18:55:11+00:00,15.63,121.0,35.0,2.2,004 km S 36° W of Llanera (Nueva Ecija),Ms,TECTONIC
351,2021-04-17 17:48:05+00:00,18.52,120.97,35.0,2.5,005 km S 28° W of Santa Praxedes (Cagayan),Ms,TECTONIC
352,2021-04-17 17:09:32+00:00,5.92,126.31,9.0,2.8,073 km N 90° E of Jose Abad Santos (Davao Occidental),Ms,TECTONIC
353,2021-04-17 16:37:32+00:00,17.13,122.82,17.0,3.2,042 km N 80° E of Palanan (Isabela),Ms,TECTONIC
354,2021-04-17 15:39:28+00:00,13.59,120.59,109.0,2.8,022 km N 43° W of Abra De Ilog (Occidental Mindoro),Ms,TECTONIC
355,2021-04-17 14:30:18+00:00,19.74,121.6,13.0,3.4,055 km N 14° E of Calayan (Cagayan),Ms,TECTONIC
356,2021-04-17 14:14:15+00:00,10.02,126.6,10.0,2.6,056 km N 62° E of General Luna (Surigao Del Norte),Ms,TECTONIC
357,2021-04-17 11:41:49+00:00,15.0,122.8,26.0,3.0,060 km N 16° W of Tinaga Island (Vinzons) (Camarines Norte),Ms,TECTONIC
358,2021-04-17 11:36:32+00:00,17.1,120.13,18.0,2.2,034 km S 78° W of City Of Candon (Ilocos Sur),Ms,TECTONIC
359,2021-04-17 10:55:00+00:00,18.63,121.13,33.0,2.0,013 km N 54° W of Sanchez-mira (Cagayan),Ms,TECTONIC
360,2021-04-17 10:22:28+00:00,5.91,124.71,16.0,2.9,013 km S 45° E of Kiamba (Sarangani),Ms,TECTONIC
361,2021-04-17 09:57:54+00:00,3.97,127.18,32.0,3.9,252 km S 51° E of Sarangani (Davao Occidental),Ms,TECTONIC
362,2021-04-17 09:37:06+00:00,17.64,119.22,20.0,2.9,121 km N 88° W of Santa Catalina (Ilocos Sur),Ms,TECTONIC
363,2021-04-17 05:39:44+00:00,5.68,125.62,193.0,2.9,026 km S 05° W of Jose Abad Santos (Davao Occidental),Ms,TECTONIC
364,2021-04-17 05:25:31+00:00,9.26,124.01,32.0,1.8,040 km N 80° E of Maria (Siquijor),Ms,TECTONIC
365,2021-04-17 05:06:59+00:00,19.15,121.29,29.0,2.2,010 km N 59° E of Dalupiri Island (Calayan) (Cagayan),Ms,TECTONIC
366,2021-04-17 04:59:33+00:00,16.02,119.88,24.0,3.1,004 km S 22° E of Burgos (Pangasinan),Ms,TECTONIC
367,2021-04-17 00:06:40+00:00,5.96,126.57,19.0,3.1,094 km S 35° E of Governor Generoso (Davao Oriental),Ms,TECTONIC
368,2021-04-16 23:46:31+00:00,10.18,121.6,34.0,2.8,045 km S 53° W of Anini-y (Antique),Ms,TECTONIC
369,2021-04-16 23:02:46+00:00,3.29,126.78,24.0,3.3,279 km S 33° E of Sarangani (Davao Occidental),Ms,TECTONIC
370,2021-04-16 21:55:44+00:00,5.92,126.02,111.0,3.4,041 km N 89° E of Jose Abad Santos (Davao Occidental),Ms,TECTONIC
371,2021-04-16 21:55:42+00:00,9.64,123.04,4.0,2.7,010 km N 59° W of City Of Bais (Negros Oriental),Ms,TECTONIC
372,2021-04-16 20:55:10+00:00,3.3,126.77,58.0,5.4,278 km S 33° E of Sarangani (Davao Occidental),Mw,TECTONIC
373,2021-04-16 20:41:39+00:00,9.57,125.37,33.0,2.3,005 km S 17° W of Malimono (Surigao Del Norte),Ms,TECTONIC
374,2021-04-16 20:31:43+00:00,9.64,124.59,5.0,2.9,011 km S 06° E of Anda (Bohol),Ms,TECTONIC
375,2021-04-16 20:18:27+00:00,5.72,126.03,46.0,2.3,048 km S 63° E of Jose Abad Santos (Davao Occidental),Ms,TECTONIC
376,2021-04-16 19:39:57+00:00,6.5,126.7,24.0,2.2,071 km S 76° E of Governor Generoso (Davao Oriental),Ms,TECTONIC
377,2021-04-16 17:58:05+00:00,8.81,125.71,16.0,2.4,011 km N 21° W of City Of Bayugan (Agusan Del Sur),Ms,TECTONIC
378,2021-04-16 17:42:25+00:00,9.42,125.64,3.0,2.6,008 km S 67° E of Kitcharao (Agusan Del Norte),Ms,TECTONIC
379,2021-04-16 16:17:49+00:00,12.74,121.81,19.0,2.7,032 km N 64° W of Calatrava (Romblon),Ms,TECTONIC
380,2021-04-16 15:49:01+00:00,9.85,122.53,31.0,2.0,014 km N 49° E of City Of Sipalay (Negros Occidental),Ms,TECTONIC
381,2021-04-16 15:44:14+00:00,17.75,120.58,2.0,2.1,013 km N 85° E of San Juan (Ilocos Sur),Ms,TECTONIC
382,2021-04-16 14:45:03+00:00,19.85,121.84,8.0,2.1,038 km N 12° W of Babuyan Island (Calayan) (Cagayan),Ms,TECTONIC
383,2021-04-16 13:17:15+00:00,9.7,125.92,5.0,2.0,016 km S 65° W of Dapa (Surigao Del Norte),Ms,TECTONIC
384,2021-04-16 12:17:55+00:00,4.97,125.57,147.0,4.5,051 km S 19° E of Sarangani (Davao Occidental),Ms,TECTONIC
385,2021-04-16 12:15:28+00:00,10.01,126.51,7.0,2.8,046 km N 57° E of General Luna (Surigao Del Norte),Ms,TECTONIC
386,2021-04-16 11:31:38+00:00,8.06,126.62,32.0,2.6,023 km N 85° E of Lingig (Surigao Del Sur),Ms,TECTONIC
387,2021-04-16 11:07:35+00:00,10.05,126.02,31.0,2.1,004 km N 31° W of Santa Monica (Surigao Del Norte),Ms,TECTONIC
388,2021-04-16 11:07:24+00:00,13.78,120.51,121.0,2.2,015 km S 68° W of Calatagan (Batangas),Ms,TECTONIC
389,2021-04-16 09:25:58+00:00,9.38,125.68,14.0,2.6,007 km S 03° E of Kitcharao (Agusan Del Norte),Ms,TECTONIC
390,2021-04-16 06:22:18+00:00,15.64,119.13,23.0,3.0,086 km N 89° W of Candelaria (Zambales),Ms,TECTONIC
391,2021-04-16 06:07:44+00:00,16.34,122.09,40.0,3.5,007 km N 27° W of Casiguran (Aurora),Ms,TECTONIC
392,2021-04-16 05:14:11+00:00,13.82,120.84,8.0,2.8,010 km S 64° W of San Luis (Batangas),ML,VOLCANO-TECTONIC
393,2021-04-16 02:14:48+00:00,13.69,120.86,22.0,2.3,004 km N 25° W of Tingloy (Batangas),Ms,TECTONIC
394,2021-04-16 01:18:31+00:00,17.8,120.92,1.0,2.5,014 km N 51° E of Tineg (Abra),Ms,TECTONIC
395,2021-04-15 23:11:50+00:00,6.59,125.27,1.0,2.8,004 km S 20° E of Kiblawan (Davao Del Sur),Ms,TECTONIC
396,2021-04-15 23:01:53+00:00,6.53,125.62,18.0,2.4,013 km N 03° E of Malita (Davao Occidental),Ms,TECTONIC
397,2021-04-15 22:09:34+00:00,10.03,126.3,1.0,2.8,024 km N 87° E of Burgos (Surigao Del Norte),Ms,TECTONIC
398,2021-04-15 21:11:08+00:00,9.9,124.06,4.0,2.5,004 km S 75° W of Sagbayan (Bohol),Ms,TECTONIC
399,2021-04-15 20:14:55+00:00,9.92,126.25,16.0,2.2,018 km N 33° E of General Luna (Surigao Del Norte),Ms,TECTONIC
400,2021-04-15 19:48:19+00:00,6.44,125.41,19.0,2.5,017 km N 66° E of Malungon (Sarangani),Ms,TECTONIC
401,2021-04-15 19:30:15+00:00,18.63,120.73,24.0,2.8,010 km N 39° W of Pagudpud (Ilocos Norte),Ms,TECTONIC
402,2021-04-15 18:27:13+00:00,19.21,121.25,19.0,2.2,013 km N 20° E of Dalupiri Island (Calayan) (Cagayan),Ms,TECTONIC
403,2021-04-15 18:14:11+00:00,13.73,120.57,93.0,2.1,014 km S 32° W of Calatagan (Batangas),Ms,TECTONIC
404,2021-04-15 17:41:49+00:00,10.21,126.64,3.0,2.3,065 km N 71° E of Burgos (Surigao Del Norte),Ms,TECTONIC
405,2021-04-15 16:36:51+00:00,11.09,121.76,5.0,3.2,032 km N 53° W of Patnongon (Antique),Ms,TECTONIC
406,2021-04-15 16:28:06+00:00,9.3,126.49,11.0,3.4,033 km N 85° E of Cortes (Surigao Del Sur),Ms,TECTONIC
407,2021-04-15 15:33:10+00:00,5.68,127.1,9.0,3.3,157 km S 46° E of Governor Generoso (Davao Oriental),Ms,TECTONIC
408,2021-04-15 14:48:54+00:00,6.75,126.62,21.0,3.1,038 km S 29° E of Tarragona (Davao Oriental),Ms,TECTONIC
409,2021-04-15 14:04:12+00:00,13.94,120.52,93.0,2.0,017 km N 44° W of Calatagan (Batangas),Ms,TECTONIC
410,2021-04-15 13:27:34+00:00,18.51,120.7,33.0,1.9,008 km S 70° W of Bangui (Ilocos Norte),Ms,TECTONIC
411,2021-04-15 13:03:22+00:00,10.02,125.46,26.0,2.0,013 km S 89° W of San Jose (Dinagat Islands),Ms,TECTONIC
412,2021-04-15 10:37:09+00:00,17.24,120.3,15.0,2.7,017 km N 62° W of City Of Candon (Ilocos Sur),Ms,TECTONIC
413,2021-04-15 10:22:45+00:00,10.34,126.09,7.0,2.9,035 km N 03° E of Burgos (Surigao Del Norte),Ms,TECTONIC
414,2021-04-15 09:14:07+00:00,14.1,120.48,145.0,2.4,016 km N 82° W of Nasugbu (Batangas),Ms,TECTONIC
415,2021-04-15 08:57:52+00:00,8.5,125.74,34.0,1.9,000 km N 63° E of San Luis (Agusan Del Sur),Ms,TECTONIC
416,2021-04-15 08:56:37+00:00,9.91,123.01,7.0,2.6,016 km N 67° W of Ayungon (Negros Oriental),Ms,TECTONIC
417,2021-04-15 08:26:09+00:00,13.9,120.56,26.0,1.9,011 km N 46° W of Calatagan (Batangas),Ms,TECTONIC
418,2021-04-15 06:52:13+00:00,6.47,126.73,33.0,2.7,071 km S 25° E of Tarragona (Davao Oriental),Ms,TECTONIC
419,2021-04-15 06:14:24+00:00,11.87,124.19,10.0,2.5,015 km S 84° E of Pio V. Corpuz (Masbate),Ms,TECTONIC
420,2021-04-15 03:42:01+00:00,10.03,126.29,6.0,2.7,024 km N 87° E of Burgos (Surigao Del Norte),Ms,TECTONIC
421,2021-04-15 03:10:33+00:00,9.33,126.13,29.0,1.8,009 km N 51° W of Cortes (Surigao Del Sur),Ms,TECTONIC
422,2021-04-15 02:56:19+00:00,9.81,125.67,98.0,2.8,012 km S 03° W of Cagdianao (Dinagat Islands),Ms,TECTONIC
423,2021-04-15 02:07:57+00:00,6.63,124.93,26.0,1.7,007 km S 27° W of Columbio (Sultan Kudarat),Ms,TECTONIC
424,2021-04-15 02:06:42+00:00,9.8,126.03,26.0,2.0,005 km N 28° W of Dapa (Surigao Del Norte),Ms,TECTONIC
425,2021-04-15 02:00:16+00:00,9.92,126.23,25.0,2.7,020 km S 57° E of Burgos (Surigao Del Norte),Ms,TECTONIC
426,2021-04-15 01:56:54+00:00,5.93,124.75,24.0,2.7,015 km S 66° E of Kiamba (Sarangani),Ms,TECTONIC
427,2021-04-15 01:09:42+00:00,9.82,126.12,17.0,2.1,005 km N 44° W of General Luna (Surigao Del Norte),Ms,TECTONIC
428,2021-04-15 01:03:26+00:00,13.42,120.69,30.0,1.6,005 km S 58° W of Abra De Ilog (Occidental Mindoro),Ms,TECTONIC
429,2021-04-14 22:17:58+00:00,15.66,119.84,24.0,1.9,014 km S 31° W of Santa Cruz (Zambales),Ms,TECTONIC
430,2021-04-14 21:52:26+00:00,9.67,126.23,30.0,2.4,016 km S 33° E of General Luna (Surigao Del Norte),Ms,TECTONIC
431,2021-04-14 21:39:06+00:00,3.32,127.78,33.0,3.9,350 km S 48° E of Sarangani (Davao Occidental),Ms,TECTONIC
432,2021-04-14 21:24:14+00:00,13.76,120.6,95.0,1.9,009 km S 25° W of Calatagan (Batangas),Ms,TECTONIC
433,2021-04-14 19:54:02+00:00,13.7,120.61,97.0,2.1,014 km S 09° W of Calatagan (Batangas),Ms,TECTONIC
434,2021-04-14 18:56:47+00:00,9.95,126.4,1.0,2.0,032 km N 56° E of General Luna (Surigao Del Norte),Ms,TECTONIC
435,2021-04-14 17:31:50+00:00,15.27,120.62,22.0,3.0,006 km S 64° E of Bamban (Tarlac),ML,VOLCANO-TECTONIC
436,2021-04-14 17:22:42+00:00,10.36,125.14,1.0,2.5,007 km S 60° W of Hinunangan (Southern Leyte),Ms,TECTONIC
437,2021-04-14 17:12:24+00:00,9.87,126.52,16.0,2.3,040 km N 77° E of General Luna (Surigao Del Norte),Ms,TECTONIC
438,2021-04-14 17:11:35+00:00,9.68,125.92,32.0,1.7,017 km S 61° W of Dapa (Surigao Del Norte),Ms,TECTONIC
439,2021-04-14 16:57:49+00:00,9.89,125.98,1.0,2.6,017 km S 36° W of Burgos (Surigao Del Norte),Ms,TECTONIC
440,2021-04-14 16:39:22+00:00,10.06,126.63,8.0,4.7,061 km N 86° E of Burgos (Surigao Del Norte),Ms,TECTONIC
441,2021-04-14 16:36:53+00:00,21.4,120.79,2.0,3.8,128 km N 58° W of Itbayat (Batanes),Ms,TECTONIC
442,2021-04-14 16:35:11+00:00,21.87,121.04,6.0,2.8,145 km N 35° W of Itbayat (Batanes),Ms,TECTONIC
443,2021-04-14 16:28:45+00:00,9.42,126.36,22.0,2.3,024 km N 49° E of Cortes (Surigao Del Sur),Ms,TECTONIC
444,2021-04-14 16:27:37+00:00,16.22,122.01,27.0,2.8,010 km N 31° E of Dinalungan (Aurora),Ms,TECTONIC
445,2021-04-14 16:24:50+00:00,9.89,126.12,21.0,2.0,015 km S 18° E of Burgos (Surigao Del Norte),Ms,TECTONIC
446,2021-04-14 16:07:19+00:00,8.46,126.79,23.0,2.6,051 km N 78° E of Hinatuan (Surigao Del Sur),Ms,TECTONIC
447,2021-04-14 15:14:00+00:00,10.03,126.43,3.0,3.0,040 km N 88° E of Burgos (Surigao Del Norte),Ms,TECTONIC
448,2021-04-14 14:57:30+00:00,9.42,126.38,19.0,2.7,026 km N 51° E of Cortes (Surigao Del Sur),Ms,TECTONIC
449,2021-04-14 14:54:36+00:00,10.01,126.17,15.0,2.3,010 km S 84° E of Burgos (Surigao Del Norte),Ms,TECTONIC
450,2021-04-14 14:36:08+00:00,9.87,126.19,19.0,2.7,021 km S 37° E of Burgos (Surigao Del Norte),Ms,TECTONIC
451,2021-04-14 14:35:08+00:00,10.04,126.53,3.0,2.6,050 km N 87° E of Burgos (Surigao Del Norte),Ms,TECTONIC
452,2021-04-14 13:48:58+00:00,14.84,119.94,23.0,3.1,020 km S 54° W of San Antonio (Zambales),Ms,TECTONIC
453,2021-04-14 13:45:10+00:00,9.79,126.05,15.0,2.1,004 km N 10° W of Dapa (Surigao Del Norte),Ms,TECTONIC
454,2021-04-14 13:43:07+00:00,15.24,120.61,32.0,2.4,005 km S 85° E of Mabalacat City (Pampanga),ML,VOLCANO-TECTONIC
455,2021-04-14 12:40:41+00:00,7.42,126.52,24.0,2.7,011 km N 25° W of Caraga (Davao Oriental),Ms,TECTONIC
456,2021-04-14 12:07:24+00:00,9.94,126.42,16.0,2.6,039 km S 78° E of Burgos (Surigao Del Norte),Ms,TECTONIC
457,2021-04-14 12:05:43+00:00,15.42,122.0,6.0,2.5,064 km N 03° E of Burdeos (Quezon),Ms,TECTONIC
458,2021-04-14 12:02:06+00:00,12.05,125.56,26.0,3.3,009 km N 81° E of Dolores (Eastern Samar),Ms,TECTONIC
459,2021-04-14 11:56:05+00:00,10.13,126.55,7.0,2.5,053 km N 76° E of Burgos (Surigao Del Norte),Ms,TECTONIC
460,2021-04-14 11:47:10+00:00,10.09,126.47,1.0,2.8,044 km N 79° E of Burgos (Surigao Del Norte),Ms,TECTONIC
461,2021-04-14 11:20:43+00:00,10.02,126.44,1.0,3.6,040 km N 90° E of Burgos (Surigao Del Norte),Ms,TECTONIC
462,2021-04-14 11:12:11+00:00,9.91,126.39,13.0,2.4,036 km S 71° E of Burgos (Surigao Del Norte),Ms,TECTONIC
463,2021-04-14 11:09:31+00:00,10.06,126.49,5.0,4.9,045 km N 85° E of Burgos (Surigao Del Norte),Ms,TECTONIC
464,2021-04-14 10:34:13+00:00,11.79,124.16,23.0,2.4,014 km N 66° E of Esperanza (Masbate),Ms,TECTONIC
465,2021-04-14 09:22:37+00:00,8.39,123.2,29.0,2.2,018 km N 32° E of Siayan (Zamboanga Del Norte),Ms,TECTONIC
466,2021-04-14 09:14:08+00:00,4.81,126.93,153.0,3.2,187 km S 49° E of Jose Abad Santos (Davao Occidental),Ms,TECTONIC
467,2021-04-14 05:32:45+00:00,10.07,126.59,4.0,3.6,056 km N 85° E of Burgos (Surigao Del Norte),Ms,TECTONIC
468,2021-04-14 03:33:11+00:00,10.06,126.49,1.0,2.8,046 km N 84° E of Burgos (Surigao Del Norte),Ms,TECTONIC
469,2021-04-13 23:01:54+00:00,6.31,126.2,13.0,2.9,040 km S 21° E of Governor Generoso (Davao Oriental),Ms,TECTONIC
470,2021-04-13 22:12:05+00:00,14.68,121.59,29.0,2.3,010 km S 22° W of General Nakar (Quezon),Ms,TECTONIC
471,2021-04-13 21:40:20+00:00,8.91,125.79,18.0,3.2,022 km N 12° E of City Of Bayugan (Agusan Del Sur),Ms,TECTONIC
472,2021-04-13 20:59:34+00:00,13.21,120.62,18.0,2.0,003 km S 65° E of Mamburao (Occidental Mindoro),Ms,TECTONIC
473,2021-04-13 20:49:42+00:00,8.68,126.52,22.0,2.3,033 km S 78° E of San Agustin (Surigao Del Sur),Ms,TECTONIC
474,2021-04-13 20:46:30+00:00,9.28,125.58,4.0,2.3,003 km N 59° E of Santiago (Agusan Del Norte),Ms,TECTONIC
475,2021-04-13 19:00:16+00:00,9.43,123.86,30.0,1.5,023 km S 28° W of Alburquerque (Bohol),Ms,TECTONIC
476,2021-04-13 18:52:48+00:00,6.77,124.8,23.0,2.6,010 km S 51° W of Tulunan (Cotabato),Ms,TECTONIC
477,2021-04-13 18:39:55+00:00,13.9,120.57,198.0,5.0,010 km N 45° W of Calatagan (Batangas),Mw,TECTONIC
478,2021-04-13 18:38:43+00:00,5.44,127.0,34.0,5.1,159 km S 71° E of Jose Abad Santos (Davao Occidental),Mw,TECTONIC
479,2021-04-13 18:26:08+00:00,9.48,127.22,17.0,2.5,115 km N 79° E of Cortes (Surigao Del Sur),Ms,TECTONIC
480,2021-04-13 17:59:17+00:00,16.22,119.64,32.0,2.0,021 km N 56° W of Agno (Pangasinan),Ms,TECTONIC
481,2021-04-13 17:42:32+00:00,15.52,120.6,154.0,2.7,004 km N 19° E of City Of Tarlac (Tarlac),Ms,TECTONIC
482,2021-04-13 17:23:35+00:00,9.03,125.68,33.0,2.0,023 km N 02° W of Sibagat (Agusan Del Sur),Ms,TECTONIC
483,2021-04-13 17:14:22+00:00,16.13,119.78,34.0,2.1,003 km N 59° W of Agno (Pangasinan),Ms,TECTONIC
484,2021-04-13 15:54:36+00:00,6.0,124.63,15.0,2.0,002 km N 04° E of Kiamba (Sarangani),Ms,TECTONIC
485,2021-04-13 15:23:07+00:00,9.41,125.41,27.0,2.8,014 km N 59° W of Jabonga (Agusan Del Norte),Ms,TECTONIC
486,2021-04-13 15:23:06+00:00,6.86,124.68,4.0,2.9,008 km N 39° E of Lambayong (Sultan Kudarat),Ms,TECTONIC
487,2021-04-13 15:13:36+00:00,9.68,126.1,21.0,2.3,010 km S 30° E of Dapa (Surigao Del Norte),Ms,TECTONIC
488,2021-04-13 14:08:07+00:00,11.36,126.17,9.0,4.0,058 km N 60° E of Mercedes (Eastern Samar),Ms,TECTONIC
489,2021-04-13 13:16:41+00:00,11.17,125.57,27.0,2.4,006 km N 74° E of Quinapondan (Eastern Samar),Ms,TECTONIC
490,2021-04-13 13:02:36+00:00,5.28,126.24,29.0,2.7,092 km S 81° E of Sarangani (Davao Occidental),Ms,TECTONIC
491,2021-04-13 11:43:36+00:00,16.4,119.99,45.0,1.9,010 km N 82° E of Bolinao (Pangasinan),Ms,TECTONIC
492,2021-04-13 11:16:07+00:00,16.25,119.88,48.0,1.9,007 km N 12° E of Bani (Pangasinan),Ms,TECTONIC
493,2021-04-13 11:06:05+00:00,9.2,122.39,18.0,2.1,036 km S 50° W of Basay (Negros Oriental),Ms,TECTONIC
494,2021-04-13 09:58:12+00:00,17.44,121.33,29.0,1.9,015 km S 79° W of City Of Tabuk (Kalinga),Ms,TECTONIC
495,2021-04-13 09:18:01+00:00,11.25,125.69,19.0,2.5,011 km N 18° E of Salcedo (Eastern Samar),Ms,TECTONIC
496,2021-04-13 06:07:53+00:00,13.73,122.37,2.0,2.4,010 km S 84° W of Buenavista (Quezon),Ms,TECTONIC
497,2021-04-13 04:47:52+00:00,10.36,122.43,43.0,1.9,022 km S 34° W of Nueva Valencia (Guimaras),Ms,TECTONIC
498,2021-04-13 03:17:29+00:00,9.41,126.18,17.0,3.5,014 km N 07° W of Cortes (Surigao Del Sur),Ms,TECTONIC
499,2021-04-12 23:45:26+00:00,8.78,126.25,30.0,1.7,005 km N 34° E of San Agustin (Surigao Del Sur),Ms,TECTONIC
500,2021-04-12 23:30:24+00:00,13.9,120.4,74.0,3.4,026 km N 75° W of Calatagan (Batangas),Ms,TECTONIC
501,2021-04-12 22:18:45+00:00,8.07,126.28,33.0,1.9,016 km S 14° W of City Of Bislig (Surigao Del Sur),Ms,TECTONIC
502,2021-04-12 21:42:15+00:00,9.32,126.36,11.0,2.5,019 km N 76° E of Cortes (Surigao Del Sur),Ms,TECTONIC
503,2021-04-12 21:04:28+00:00,9.33,126.59,11.0,2.4,044 km N 82° E of Cortes (Surigao Del Sur),Ms,TECTONIC
504,2021-04-12 19:29:20+00:00,9.68,125.82,32.0,2.1,015 km N 39° E of Claver (Surigao Del Norte),Ms,TECTONIC
505,2021-04-12 18:39:41+00:00,13.82,120.6,110.0,2.1,003 km S 72° W of Calatagan (Batangas),Ms,TECTONIC
506,2021-04-12 17:35:23+00:00,9.97,126.22,12.0,3.7,017 km S 73° E of Burgos (Surigao Del Norte),Ms,TECTONIC
507,2021-04-12 15:53:30+00:00,13.41,120.65,20.0,2.5,009 km S 64° W of Abra De Ilog (Occidental Mindoro),Ms,TECTONIC
508,2021-04-12 15:29:32+00:00,9.84,123.96,2.0,2.6,002 km S 05° E of San Isidro (Bohol),Ms,TECTONIC
509,2021-04-12 14:53:50+00:00,8.8,126.34,20.0,2.1,005 km S 86° E of Marihatag (Surigao Del Sur),Ms,TECTONIC
510,2021-04-12 13:39:49+00:00,9.98,124.32,21.0,2.4,002 km S 58° W of San Miguel (Bohol),Ms,TECTONIC
511,2021-04-12 13:12:11+00:00,9.97,126.09,33.0,1.7,005 km S 23° E of Burgos (Surigao Del Norte),Ms,TECTONIC
512,2021-04-12 12:51:23+00:00,10.95,124.77,1.0,2.5,009 km N 68° E of Albuera (Leyte),Ms,TECTONIC
513,2021-04-12 09:07:27+00:00,12.99,121.04,1.0,2.2,032 km N 60° E of Sablayan (Occidental Mindoro),Ms,TECTONIC
514,2021-04-12 08:47:33+00:00,7.85,124.61,1.0,2.6,019 km N 52° W of Kalilangan (Bukidnon),Ms,TECTONIC
515,2021-04-12 07:14:27+00:00,12.89,126.01,29.0,3.3,094 km N 61° E of Mapanas (Northern Samar),Ms,TECTONIC
516,2021-04-12 03:38:57+00:00,8.85,125.72,13.0,3.2,016 km N 13° W of City Of Bayugan (Agusan Del Sur),Ms,TECTONIC
517,2021-04-12 02:01:41+00:00,18.77,120.75,15.0,2.5,024 km N 10° W of Pagudpud (Ilocos Norte),Ms,TECTONIC
518,2021-04-11 23:50:40+00:00,7.39,123.47,31.0,2.2,010 km S 40° E of Tabina (Zamboanga Del Sur),Ms,TECTONIC
519,2021-04-11 23:24:58+00:00,10.45,125.68,60.0,2.6,014 km N 48° E of Loreto (Dinagat Islands),Ms,TECTONIC
520,2021-04-11 20:22:32+00:00,8.44,126.62,27.0,2.9,032 km N 75° E of Hinatuan (Surigao Del Sur),Ms,TECTONIC
521,2021-04-11 19:58:50+00:00,10.12,125.17,8.0,2.8,007 km N 12° E of San Francisco (Southern Leyte),Ms,TECTONIC
522,2021-04-11 17:08:16+00:00,16.61,121.04,1.0,2.9,009 km N 06° E of Ambaguio (Nueva Vizcaya),Ms,TECTONIC
523,2021-04-11 16:29:00+00:00,18.15,120.42,38.0,1.8,014 km N 45° W of Paoay (Ilocos Norte),Ms,TECTONIC
524,2021-04-11 16:16:04+00:00,5.46,126.34,72.0,3.0,092 km S 57° E of Jose Abad Santos (Davao Occidental),Ms,TECTONIC
525,2021-04-11 16:14:03+00:00,10.24,125.46,118.0,2.1,009 km N 57° W of Libjo (Dinagat Islands),Ms,TECTONIC
526,2021-04-11 15:38:57+00:00,9.56,122.5,30.0,2.2,006 km S 43° E of Hinoba-an (Negros Occidental),Ms,TECTONIC
527,2021-04-11 13:23:21+00:00,13.1,121.0,2.0,2.5,030 km N 87° E of Santa Cruz (Occidental Mindoro),Ms,TECTONIC
528,2021-04-11 13:14:38+00:00,13.04,120.96,1.0,3.1,026 km S 79° E of Santa Cruz (Occidental Mindoro),Ms,TECTONIC
529,2021-04-11 12:37:57+00:00,6.49,126.05,36.0,3.5,019 km S 07° W of Governor Generoso (Davao Oriental),Ms,TECTONIC
530,2021-04-11 12:23:19+00:00,5.98,124.54,21.0,2.2,010 km S 29° E of Maitum (Sarangani),Ms,TECTONIC
531,2021-04-11 11:19:38+00:00,11.1,124.46,14.0,1.8,014 km S 31° E of Villaba (Leyte),Ms,TECTONIC
532,2021-04-11 09:38:43+00:00,12.96,120.25,30.0,2.3,048 km S 51° W of Mamburao (Occidental Mindoro),Ms,TECTONIC
533,2021-04-11 08:48:55+00:00,8.99,126.33,48.0,2.4,015 km S 84° E of Bayabas (Surigao Del Sur),Ms,TECTONIC
534,2021-04-11 08:17:14+00:00,4.7,127.47,15.0,3.3,241 km S 71° E of Sarangani (Davao Occidental),Ms,TECTONIC
535,2021-04-11 05:56:05+00:00,7.74,126.42,24.0,1.8,007 km S 33° W of Cateel (Davao Oriental),Ms,TECTONIC
536,2021-04-11 04:02:34+00:00,11.2,124.78,12.0,2.1,001 km N 38° W of Jaro (Leyte),Ms,TECTONIC
537,2021-04-11 00:02:40+00:00,9.77,124.77,6.0,2.3,022 km N 84° E of Anda (Bohol),Ms,TECTONIC
538,2021-04-10 20:45:25+00:00,5.85,124.7,10.0,2.5,018 km S 29° E of Kiamba (Sarangani),Ms,TECTONIC
539,2021-04-10 19:33:49+00:00,7.68,124.57,30.0,2.0,020 km S 70° W of Kalilangan (Bukidnon),Ms,TECTONIC
540,2021-04-10 19:25:09+00:00,8.96,125.66,34.0,1.8,014 km N 89° E of City Of Butuan (Agusan Del Norte),Ms,TECTONIC
541,2021-04-10 17:57:10+00:00,9.56,126.26,27.0,1.9,027 km S 24° E of General Luna (Surigao Del Norte),Ms,TECTONIC
542,2021-04-10 17:50:04+00:00,10.28,125.54,81.0,2.3,010 km S 26° W of Loreto (Dinagat Islands),Ms,TECTONIC
543,2021-04-10 17:34:23+00:00,7.71,124.42,20.0,2.4,013 km S 73° E of Butig (Lanao Del Sur),Ms,TECTONIC
544,2021-04-10 15:58:31+00:00,6.11,126.48,36.0,3.1,075 km S 36° E of Governor Generoso (Davao Oriental),Ms,TECTONIC
545,2021-04-10 15:49:40+00:00,9.77,125.57,32.0,2.1,013 km N 18° W of Placer (Surigao Del Norte),Ms,TECTONIC
546,2021-04-10 15:14:33+00:00,19.76,120.41,71.0,2.5,110 km N 49° W of Dalupiri Island (Calayan) (Cagayan),Ms,TECTONIC
547,2021-04-10 15:08:39+00:00,8.47,125.9,21.0,2.5,010 km S 63° W of San Francisco (Agusan Del Sur),Ms,TECTONIC
548,2021-04-10 12:37:59+00:00,14.22,120.39,115.0,1.6,026 km S 25° W of Mariveles (Bataan),Ms,TECTONIC
549,2021-04-10 10:33:44+00:00,10.61,125.32,50.0,2.1,020 km N 61° E of Silago (Southern Leyte),Ms,TECTONIC
550,2021-04-10 09:30:42+00:00,3.98,124.88,326.0,6.1,170 km S 21° W of Sarangani (Davao Occidental),Mw,TECTONIC
551,2021-04-10 08:12:59+00:00,5.19,126.51,57.0,3.3,123 km S 79° E of Sarangani (Davao Occidental),Ms,TECTONIC
552,2021-04-10 07:32:23+00:00,10.71,125.17,19.0,2.3,018 km S 76° E of Abuyog (Leyte),Ms,TECTONIC
553,2021-04-10 04:39:43+00:00,7.31,126.11,11.0,2.8,001 km S 75° W of Maragusan (Davao De Oro),Ms,TECTONIC
554,2021-04-10 03:50:54+00:00,16.42,120.03,38.0,1.6,015 km N 78° E of Bolinao (Pangasinan),Ms,TECTONIC
555,2021-04-10 03:22:11+00:00,8.2,125.8,38.0,1.6,009 km S 01° W of La Paz (Agusan Del Sur),Ms,TECTONIC
556,2021-04-10 02:19:53+00:00,9.37,125.63,15.0,3.2,010 km S 30° E of Kitcharao (Agusan Del Norte),Ms,TECTONIC
557,2021-04-10 01:37:40+00:00,6.39,125.27,27.0,1.8,025 km S 19° W of Sulop (Davao Del Sur),Ms,TECTONIC
558,2021-04-09 23:00:21+00:00,14.6,123.21,2.0,3.4,031 km N 63° E of Tinaga Island (Vinzons) (Camarines Norte),Ms,TECTONIC
559,2021-04-09 20:48:27+00:00,19.29,123.15,33.0,2.9,132 km S 79° E of Babuyan Island (Calayan) (Cagayan),Ms,TECTONIC
560,2021-04-09 16:46:24+00:00,8.21,125.98,17.0,2.5,004 km N 22° W of Bunawan (Agusan Del Sur),Ms,TECTONIC
561,2021-04-09 15:59:10+00:00,12.87,120.85,24.0,2.9,008 km N 67° E of Sablayan (Occidental Mindoro),Ms,TECTONIC
562,2021-04-09 15:43:55+00:00,13.25,123.81,10.0,2.9,004 km N 69° E of Santo Domingo (Albay),ML,VOLCANO-TECTONIC
563,2021-04-09 14:54:56+00:00,17.21,119.9,20.0,2.6,058 km N 85° W of City Of Candon (Ilocos Sur),Ms,TECTONIC
564,2021-04-09 14:17:18+00:00,9.75,124.81,6.0,2.0,025 km N 88° E of Anda (Bohol),Ms,TECTONIC
565,2021-04-09 13:53:28+00:00,17.63,120.01,35.0,2.9,038 km N 83° W of Santa Catalina (Ilocos Sur),Ms,TECTONIC
566,2021-04-09 13:39:44+00:00,6.26,126.05,104.0,3.7,040 km N 81° E of Don Marcelino (Davao Occidental),Ms,TECTONIC
567,2021-04-09 09:21:23+00:00,6.55,125.33,34.0,2.7,011 km S 47° E of Kiblawan (Davao Del Sur),Ms,TECTONIC
568,2021-04-09 04:58:55+00:00,5.33,126.33,111.0,3.7,099 km S 50° E of Jose Abad Santos (Davao Occidental),Ms,TECTONIC
569,2021-04-09 01:39:50+00:00,8.38,124.56,30.0,1.8,020 km S 10° E of City Of El Salvador (Misamis Oriental),Ms,TECTONIC
570,2021-04-09 00:49:54+00:00,9.94,126.26,6.0,2.5,020 km N 65° E of Pilar (Surigao Del Norte),Ms,TECTONIC
571,2021-04-09 00:48:06+00:00,6.52,125.25,7.0,2.7,016 km N 10° W of Malungon (Sarangani),Ms,TECTONIC
572,2021-04-08 23:41:41+00:00,8.65,124.78,1.0,2.6,007 km N 03° E of Villanueva (Misamis Oriental),Ms,TECTONIC
573,2021-04-08 23:30:49+00:00,4.42,127.17,96.0,2.8,223 km S 60° E of Sarangani (Davao Occidental),Ms,TECTONIC
574,2021-04-08 21:45:10+00:00,7.92,126.6,28.0,2.1,022 km N 48° E of Cateel (Davao Oriental),Ms,TECTONIC
575,2021-04-08 21:21:19+00:00,17.12,121.96,30.0,2.2,008 km S 75° E of City Of Ilagan (Isabela),Ms,TECTONIC
576,2021-04-08 21:11:19+00:00,9.08,126.38,20.0,3.5,016 km N 43° E of Bayabas (Surigao Del Sur),Ms,TECTONIC
577,2021-04-08 21:09:55+00:00,9.1,126.42,22.0,2.4,021 km N 46° E of Bayabas (Surigao Del Sur),Ms,TECTONIC
578,2021-04-08 20:04:35+00:00,6.74,124.92,11.0,2.0,008 km N 36° W of Columbio (Sultan Kudarat),Ms,TECTONIC
579,2021-04-08 19:12:36+00:00,12.92,120.58,78.0,2.5,023 km N 68° W of Sablayan (Occidental Mindoro),Ms,TECTONIC
580,2021-04-08 17:36:11+00:00,9.24,126.11,23.0,2.5,010 km S 64° W of Cortes (Surigao Del Sur),Ms,TECTONIC
581,2021-04-08 16:20:39+00:00,5.39,126.64,3.0,3.7,125 km S 62° E of Jose Abad Santos (Davao Occidental),Ms,TECTONIC
582,2021-04-08 13:39:55+00:00,13.57,121.02,1.0,3.0,010 km N 46° E of Puerto Galera (Oriental Mindoro),Ms,TECTONIC
583,2021-04-08 11:04:09+00:00,16.99,121.01,3.0,3.0,011 km N 31° W of Banaue (Ifugao),Ms,TECTONIC
584,2021-04-08 09:25:17+00:00,16.16,121.19,32.0,1.7,018 km S 39° E of Dupax Del Sur (Nueva Vizcaya),Ms,TECTONIC
585,2021-04-08 05:44:43+00:00,7.46,125.89,14.0,2.7,008 km N 74° E of City Of Tagum (Davao Del Norte),Ms,TECTONIC
586,2021-04-08 02:26:41+00:00,3.21,126.28,33.0,3.9,262 km S 21° E of Sarangani (Davao Occidental),Ms,TECTONIC
587,2021-04-07 23:45:53+00:00,4.97,126.34,24.0,2.9,113 km S 64° E of Sarangani (Davao Occidental),Ms,TECTONIC
588,2021-04-07 23:30:54+00:00,9.25,126.42,20.0,2.2,025 km S 85° E of Cortes (Surigao Del Sur),Ms,TECTONIC
589,2021-04-07 21:26:03+00:00,9.27,126.27,19.0,2.7,008 km S 84° E of Cortes (Surigao Del Sur),Ms,TECTONIC
590,2021-04-07 20:22:44+00:00,18.27,120.35,29.0,3.1,027 km N 73° W of City Of Laoag (Ilocos Norte),Ms,TECTONIC
591,2021-04-07 20:06:23+00:00,8.99,126.27,30.0,2.0,003 km N 21° W of Bayabas (Surigao Del Sur),Ms,TECTONIC
592,2021-04-07 19:49:49+00:00,9.32,125.61,4.0,3.5,008 km N 42° E of Santiago (Agusan Del Norte),Ms,TECTONIC
593,2021-04-07 19:48:23+00:00,14.98,119.63,8.0,3.1,053 km S 79° W of San Felipe (Zambales),Ms,TECTONIC
594,2021-04-07 18:38:48+00:00,18.57,120.78,14.0,3.6,001 km N 47° W of Pagudpud (Ilocos Norte),Ms,TECTONIC
595,2021-04-07 18:26:08+00:00,13.49,119.98,4.0,2.4,044 km S 21° W of Lubang (Occidental Mindoro),Ms,TECTONIC
596,2021-04-07 17:49:04+00:00,19.26,120.99,8.0,3.0,028 km N 53° W of Dalupiri Island (Calayan) (Cagayan),Ms,TECTONIC
597,2021-04-07 17:03:56+00:00,9.91,126.45,1.0,3.6,035 km N 67° E of General Luna (Surigao Del Norte),Ms,TECTONIC
598,2021-04-07 16:43:05+00:00,5.72,126.17,89.0,3.3,062 km S 70° E of Jose Abad Santos (Davao Occidental),Ms,TECTONIC
599,2021-04-07 16:32:00+00:00,9.97,124.3,33.0,1.7,009 km N 77° E of Danao (Bohol),Ms,TECTONIC
600,2021-04-07 15:28:36+00:00,9.69,126.04,16.0,2.7,008 km S 08° W of Dapa (Surigao Del Norte),Ms,TECTONIC
601,2021-04-07 12:05:02+00:00,15.43,121.9,1.0,2.0,051 km S 45° E of Baler (Aurora),Ms,TECTONIC
602,2021-04-07 10:26:41+00:00,8.27,126.36,135.0,2.5,008 km N 39° E of City Of Bislig (Surigao Del Sur),Ms,TECTONIC
603,2021-04-07 07:51:56+00:00,9.61,126.29,5.0,3.0,024 km S 38° E of General Luna (Surigao Del Norte),Ms,TECTONIC
604,2021-04-07 07:21:59+00:00,7.5,123.93,27.0,2.6,018 km S 56° W of Malabang (Lanao Del Sur),Ms,TECTONIC
605,2021-04-07 06:02:46+00:00,7.29,125.55,12.0,2.9,013 km N 89° W of City Of Panabo (Davao Del Norte),Ms,TECTONIC
606,2021-04-07 04:57:43+00:00,5.86,124.6,10.0,2.8,015 km S 09° W of Kiamba (Sarangani),Ms,TECTONIC
607,2021-04-07 02:22:44+00:00,19.62,120.96,1.0,2.1,067 km N 54° W of Calayan (Cagayan),Ms,TECTONIC
608,2021-04-07 01:15:34+00:00,18.89,122.46,34.0,2.0,059 km N 35° E of Santa Ana (Cagayan),Ms,TECTONIC
609,2021-04-07 01:12:02+00:00,13.97,120.19,27.0,2.2,015 km N 31° E of Lubang (Occidental Mindoro),Ms,TECTONIC
610,2021-04-06 23:06:08+00:00,9.98,123.14,18.0,2.0,007 km S 89° W of Jimalalud (Negros Oriental),Ms,TECTONIC
611,2021-04-06 22:31:29+00:00,9.75,125.76,32.0,2.0,020 km N 61° E of Placer (Surigao Del Norte),Ms,TECTONIC
612,2021-04-06 22:28:49+00:00,8.43,125.82,24.0,2.1,020 km N 76° W of Rosario (Agusan Del Sur),Ms,TECTONIC
613,2021-04-06 22:15:56+00:00,14.23,120.02,38.0,2.0,042 km N 15° W of Lubang (Occidental Mindoro),Ms,TECTONIC
614,2021-04-06 21:05:51+00:00,7.66,126.62,31.0,3.1,011 km N 34° E of Baganga (Davao Oriental),Ms,TECTONIC
615,2021-04-06 21:02:12+00:00,10.21,122.35,1.0,2.1,040 km S 31° W of Nueva Valencia (Guimaras),Ms,TECTONIC
616,2021-04-06 20:58:08+00:00,19.13,121.04,1.0,3.2,048 km S 72° W of Calayan (Cagayan),Ms,TECTONIC
617,2021-04-06 20:56:42+00:00,9.5,126.08,30.0,2.1,018 km S 44° E of Socorro (Surigao Del Norte),Ms,TECTONIC
618,2021-04-06 20:36:46+00:00,10.3,126.1,6.0,3.2,031 km N 06° E of Burgos (Surigao Del Norte),Ms,TECTONIC
619,2021-04-06 20:35:51+00:00,9.93,124.3,16.0,2.0,008 km S 30° W of San Miguel (Bohol),Ms,TECTONIC
620,2021-04-06 20:08:45+00:00,5.74,126.68,98.0,5.1,116 km S 81° E of Jose Abad Santos (Davao Occidental),Mw,TECTONIC
621,2021-04-06 19:21:23+00:00,7.62,124.93,7.0,2.4,003 km N 33° E of Kadingilan (Bukidnon),Ms,TECTONIC
622,2021-04-06 17:31:19+00:00,10.33,126.13,7.0,3.5,035 km N 09° E of Burgos (Surigao Del Norte),Ms,TECTONIC
623,2021-04-06 16:45:21+00:00,10.01,123.21,13.0,2.6,003 km N 22° E of Jimalalud (Negros Oriental),Ms,TECTONIC
624,2021-04-06 16:10:23+00:00,15.29,122.75,25.0,2.4,093 km N 13° W of Tinaga Island (Vinzons) (Camarines Norte),Ms,TECTONIC
625,2021-04-06 14:43:15+00:00,9.62,126.18,31.0,1.9,018 km S 07° E of General Luna (Surigao Del Norte),Ms,TECTONIC
626,2021-04-06 14:27:18+00:00,14.06,120.47,139.0,2.2,017 km S 83° W of Nasugbu (Batangas),Ms,TECTONIC
627,2021-04-06 13:48:08+00:00,5.02,125.3,31.0,2.8,045 km S 17° W of Sarangani (Davao Occidental),Ms,TECTONIC
628,2021-04-06 12:21:48+00:00,17.32,120.87,18.0,2.1,009 km S 39° E of Boliney (Abra),Ms,TECTONIC
629,2021-04-06 12:11:08+00:00,16.87,119.53,9.0,3.3,066 km N 36° W of Bolinao (Pangasinan),Ms,TECTONIC
630,2021-04-06 11:35:11+00:00,10.45,126.68,26.0,2.8,082 km N 54° E of Burgos (Surigao Del Norte),Ms,TECTONIC
631,2021-04-06 11:28:36+00:00,13.62,120.08,33.0,2.4,022 km S 60° W of Looc (Occidental Mindoro),Ms,TECTONIC
632,2021-04-06 11:00:41+00:00,18.06,120.87,24.0,2.2,010 km S 31° E of Carasi (Ilocos Norte),Ms,TECTONIC
633,2021-04-06 09:52:37+00:00,16.51,121.3,34.0,2.1,004 km N 62° E of Quezon (Nueva Vizcaya),Ms,TECTONIC
634,2021-04-06 07:38:22+00:00,5.09,125.54,35.0,2.8,038 km S 20° E of Sarangani (Davao Occidental),Ms,TECTONIC
635,2021-04-06 03:21:59+00:00,10.49,126.77,5.0,3.2,093 km N 56° E of Burgos (Surigao Del Norte),Ms,TECTONIC
636,2021-04-06 02:53:30+00:00,19.05,120.8,49.0,1.9,043 km S 82° W of Dalupiri Island (Calayan) (Cagayan),Ms,TECTONIC
637,2021-04-06 02:30:09+00:00,16.29,120.58,26.0,1.8,012 km S 10° E of Tuba (Benguet),Ms,TECTONIC
638,2021-04-05 23:39:16+00:00,15.79,119.76,25.0,2.8,017 km N 79° W of Santa Cruz (Zambales),Ms,TECTONIC
639,2021-04-05 23:31:45+00:00,6.05,126.11,114.0,3.2,049 km S 70° E of Don Marcelino (Davao Occidental),Ms,TECTONIC
640,2021-04-05 22:44:34+00:00,5.09,125.39,21.0,2.9,036 km S 06° W of Sarangani (Davao Occidental),Ms,TECTONIC
641,2021-04-05 22:25:45+00:00,8.95,125.87,9.0,2.1,019 km N 88° W of San Miguel (Surigao Del Sur),Ms,TECTONIC
642,2021-04-05 19:08:57+00:00,8.63,126.05,8.0,2.3,005 km N 87° W of Lianga (Surigao Del Sur),Ms,TECTONIC
643,2021-04-05 18:53:29+00:00,17.11,121.58,6.0,3.3,004 km S 73° W of Roxas (Isabela),Ms,TECTONIC
644,2021-04-05 15:17:13+00:00,6.56,125.97,24.0,2.1,015 km S 50° W of Governor Generoso (Davao Oriental),Ms,TECTONIC
645,2021-04-05 14:16:18+00:00,7.17,126.89,25.0,3.1,039 km S 84° E of Manay (Davao Oriental),Ms,TECTONIC
646,2021-04-05 13:39:20+00:00,8.01,127.0,32.0,2.5,064 km N 68° E of Cateel (Davao Oriental),Ms,TECTONIC
647,2021-04-05 12:49:24+00:00,6.48,126.86,45.0,2.8,078 km S 36° E of Tarragona (Davao Oriental),Ms,TECTONIC
648,2021-04-05 08:36:29+00:00,14.9,123.59,33.0,3.8,083 km N 56° E of Tinaga Island (Vinzons) (Camarines Norte),Ms,TECTONIC
649,2021-04-05 05:57:36+00:00,13.32,120.46,35.0,2.6,010 km S 01° W of Paluan (Occidental Mindoro),Ms,TECTONIC
650,2021-04-05 05:40:39+00:00,3.43,126.4,27.0,4.0,245 km S 26° E of Sarangani (Davao Occidental),Ms,TECTONIC
651,2021-04-05 05:14:16+00:00,8.0,126.6,23.0,2.3,021 km S 77° E of Lingig (Surigao Del Sur),Ms,TECTONIC
652,2021-04-05 04:40:02+00:00,5.34,126.97,14.0,3.4,160 km S 67° E of Jose Abad Santos (Davao Occidental),Ms,TECTONIC
653,2021-04-05 04:08:00+00:00,8.05,126.9,17.0,2.2,054 km N 88° E of Lingig (Surigao Del Sur),Ms,TECTONIC
654,2021-04-05 02:51:11+00:00,7.92,127.03,31.0,2.1,069 km S 79° E of Lingig (Surigao Del Sur),Ms,TECTONIC
655,2021-04-05 02:27:06+00:00,10.07,125.1,23.0,2.9,006 km N 78° W of San Francisco (Southern Leyte),Ms,TECTONIC
656,2021-04-05 02:26:09+00:00,9.34,126.14,24.0,2.1,009 km N 37° W of Cortes (Surigao Del Sur),Ms,TECTONIC
657,2021-04-04 23:11:09+00:00,12.53,123.62,3.0,2.9,013 km S 69° W of San Jacinto (Masbate),Ms,TECTONIC
658,2021-04-04 21:28:53+00:00,17.06,120.74,34.0,2.1,008 km N 01° E of Cervantes (Ilocos Sur),Ms,TECTONIC
659,2021-04-04 21:26:42+00:00,10.12,126.07,26.0,2.0,012 km N 01° W of Burgos (Surigao Del Norte),Ms,TECTONIC
660,2021-04-04 21:20:08+00:00,9.9,124.49,33.0,1.7,005 km S 89° E of Alicia (Bohol),Ms,TECTONIC
661,2021-04-04 21:18:55+00:00,17.23,120.17,23.0,2.2,030 km S 75° W of Santiago (Ilocos Sur),Ms,TECTONIC
662,2021-04-04 21:09:40+00:00,11.55,124.24,3.0,2.1,017 km S 61° W of Almeria (Biliran),Ms,TECTONIC
663,2021-04-04 21:01:21+00:00,8.34,125.81,26.0,2.1,007 km N 01° W of La Paz (Agusan Del Sur),Ms,TECTONIC
664,2021-04-04 20:05:55+00:00,6.34,126.99,35.0,2.4,099 km S 38° E of Tarragona (Davao Oriental),Ms,TECTONIC
665,2021-04-04 19:50:04+00:00,17.47,122.88,15.0,2.7,066 km N 46° E of Palanan (Isabela),Ms,TECTONIC
666,2021-04-04 19:42:54+00:00,5.67,126.16,72.0,2.6,063 km S 64° E of Jose Abad Santos (Davao Occidental),Ms,TECTONIC
667,2021-04-04 18:02:11+00:00,14.17,123.5,3.0,1.8,031 km N 59° E of Siruma (Camarines Sur),Ms,TECTONIC
668,2021-04-04 17:47:02+00:00,6.05,125.47,33.0,2.0,020 km S 74° E of Alabel (Sarangani),Ms,TECTONIC
669,2021-04-04 17:43:11+00:00,19.72,121.58,20.0,2.3,042 km N 57° W of Babuyan Island (Calayan) (Cagayan),Ms,TECTONIC
670,2021-04-04 17:35:21+00:00,17.79,121.01,19.0,1.9,021 km N 69° E of Tineg (Abra),Ms,TECTONIC
671,2021-04-04 17:01:54+00:00,12.9,122.94,17.0,4.0,033 km S 89° W of Claveria (Masbate),Ms,TECTONIC
672,2021-04-04 16:52:35+00:00,5.99,124.66,17.0,2.4,030 km S 36° W of T'boli (South Cotabato),Ms,TECTONIC
673,2021-04-04 16:51:15+00:00,8.03,126.76,18.0,2.3,039 km S 89° E of Lingig (Surigao Del Sur),Ms,TECTONIC
674,2021-04-04 16:41:06+00:00,9.77,124.66,27.0,1.9,010 km N 75° E of Anda (Bohol),Ms,TECTONIC
675,2021-04-04 16:30:33+00:00,15.79,120.03,71.0,1.9,029 km N 89° W of Mangatarem (Pangasinan),Ms,TECTONIC
676,2021-04-04 16:20:24+00:00,10.31,125.38,97.0,2.4,017 km N 71° E of Anahawan (Southern Leyte),Ms,TECTONIC
677,2021-04-04 15:29:36+00:00,7.31,126.71,42.0,3.8,016 km S 84° E of Caraga (Davao Oriental),Ms,TECTONIC
678,2021-04-04 14:17:59+00:00,13.36,120.73,34.0,1.9,009 km Sout° 00 of Abra De Ilog (Occidental Mindoro),Ms,TECTONIC
679,2021-04-04 13:53:41+00:00,10.03,123.43,32.0,1.8,013 km S 44° W of Barili (Cebu),Ms,TECTONIC
680,2021-04-04 13:29:17+00:00,9.01,126.13,52.0,2.2,008 km S 29° W of City Of Tandag (Surigao Del Sur),Ms,TECTONIC
681,2021-04-04 13:08:38+00:00,14.14,123.63,60.0,1.9,048 km N 32° W of Caramoan (Camarines Sur),Ms,TECTONIC
682,2021-04-04 13:04:27+00:00,16.82,120.11,33.0,1.7,028 km N 67° W of Bacnotan (La Union),Ms,TECTONIC
683,2021-04-04 12:49:36+00:00,6.89,126.85,28.0,4.1,048 km S 69° E of Tarragona (Davao Oriental),Ms,TECTONIC
684,2021-04-04 11:02:42+00:00,15.23,119.55,40.0,1.6,047 km S 77° W of Iba (Zambales),Ms,TECTONIC
685,2021-04-04 10:53:54+00:00,8.47,125.75,29.0,2.1,005 km N 56° W of Talacogon (Agusan Del Sur),Ms,TECTONIC
686,2021-04-04 10:34:54+00:00,11.93,122.34,15.0,3.1,025 km N 06° W of Kalibo (Aklan),Ms,TECTONIC
687,2021-04-04 09:45:41+00:00,13.6,119.86,33.0,3.0,040 km S 45° W of Lubang (Occidental Mindoro),Ms,TECTONIC
688,2021-04-04 09:43:39+00:00,7.91,126.38,22.0,2.1,014 km S 13° W of Lingig (Surigao Del Sur),Ms,TECTONIC
689,2021-04-04 09:20:00+00:00,8.08,126.86,15.0,2.4,049 km N 85° E of Lingig (Surigao Del Sur),Ms,TECTONIC
690,2021-04-04 08:59:07+00:00,8.95,125.64,26.0,2.5,012 km S 89° E of City Of Butuan (Agusan Del Norte),Ms,TECTONIC
691,2021-04-04 08:31:30+00:00,13.81,120.23,30.0,2.0,010 km N 15° W of Looc (Occidental Mindoro),Ms,TECTONIC
692,2021-04-04 08:01:37+00:00,7.92,126.37,22.0,1.8,006 km N 02° W of Boston (Davao Oriental),Ms,TECTONIC
693,2021-04-04 07:52:06+00:00,8.97,122.72,13.0,2.1,035 km S 73° W of Siaton (Negros Oriental),Ms,TECTONIC
694,2021-04-04 07:50:00+00:00,16.66,120.46,22.0,3.2,007 km N 23° E of Bagulin (La Union),Ms,TECTONIC
695,2021-04-04 06:30:28+00:00,8.38,126.71,27.0,1.6,041 km N 89° E of Hinatuan (Surigao Del Sur),Ms,TECTONIC
696,2021-04-04 05:54:15+00:00,16.06,119.68,34.0,2.1,014 km S 62° W of Agno (Pangasinan),Ms,TECTONIC
697,2021-04-04 05:40:53+00:00,16.62,122.41,11.0,2.7,019 km N 55° E of Dinapigue (Isabela),Ms,TECTONIC
698,2021-04-04 05:09:45+00:00,10.41,125.26,13.0,2.4,007 km N 80° E of Hinunangan (Southern Leyte),Ms,TECTONIC
699,2021-04-04 05:04:52+00:00,6.39,126.67,34.0,1.8,073 km S 66° E of Governor Generoso (Davao Oriental),Ms,TECTONIC
700,2021-04-04 04:54:00+00:00,,,,1.9,32 km from Ibajay (Aklan),unspecified,unspecified
701,2021-04-04 02:08:43+00:00,8.4,125.7,54.0,3.0,011 km S 61° W of Talacogon (Agusan Del Sur),Ms,TECTONIC
702,2021-04-04 01:39:33+00:00,7.0,124.73,31.0,2.0,009 km S 39° E of Pikit (Cotabato),Ms,TECTONIC
703,2021-04-04 01:05:55+00:00,8.51,125.81,27.0,1.8,007 km N 23° E of Talacogon (Agusan Del Sur),Ms,TECTONIC
704,2021-04-04 00:00:56+00:00,7.49,125.92,14.0,3.5,011 km N 63° E of City Of Tagum (Davao Del Norte),Ms,TECTONIC
705,2021-04-03 22:49:58+00:00,9.82,125.98,33.0,1.9,006 km S 13° E of Del Carmen (Surigao Del Norte),Ms,TECTONIC
706,2021-04-03 22:47:51+00:00,12.98,122.86,21.0,2.4,021 km S 38° W of San Pascual (Masbate),Ms,TECTONIC
707,2021-04-03 22:40:02+00:00,16.44,120.66,2.0,4.0,007 km S 78° E of La Trinidad (Benguet),Ms,TECTONIC
708,2021-04-03 22:33:20+00:00,18.99,121.75,10.0,2.3,015 km N 55° W of Camiguin Island (Calayan) (Cagayan),Ms,TECTONIC
709,2021-04-03 21:50:00+00:00,14.55,123.08,1.0,2.9,016 km N 60° E of Tinaga Island (Vinzons) (Camarines Norte),Ms,TECTONIC
710,2021-04-03 21:43:56+00:00,16.62,119.74,20.0,2.0,030 km N 32° W of Bolinao (Pangasinan),Ms,TECTONIC
711,2021-04-03 21:19:23+00:00,8.48,125.91,12.0,2.7,013 km S 03° W of Prosperidad (Agusan Del Sur),Ms,TECTONIC
712,2021-04-03 20:41:15+00:00,18.05,121.53,23.0,2.2,008 km S 77° W of Lasam (Cagayan),Ms,TECTONIC
713,2021-04-03 20:37:02+00:00,13.7,123.12,24.0,1.7,007 km N 84° E of Libmanan (Camarines Sur),Ms,TECTONIC
714,2021-04-03 20:03:34+00:00,9.79,123.58,31.0,2.6,006 km N 56° E of Dalaguete (Cebu),Ms,TECTONIC
715,2021-04-03 19:40:41+00:00,6.01,125.27,91.0,3.0,005 km N 18° W of Malapatan (Sarangani),Ms,TECTONIC
716,2021-04-03 19:32:54+00:00,8.82,126.51,11.0,3.5,023 km N 85° E of Marihatag (Surigao Del Sur),Ms,TECTONIC
717,2021-04-03 17:37:13+00:00,18.89,121.07,10.0,2.4,028 km S 31° W of Dalupiri Island (Calayan) (Cagayan),Ms,TECTONIC
718,2021-04-03 17:30:08+00:00,9.78,125.47,29.0,2.1,003 km S 62° W of City Of Surigao (Surigao Del Norte),Ms,TECTONIC
719,2021-04-03 17:05:54+00:00,9.86,126.33,17.0,2.6,021 km N 67° E of General Luna (Surigao Del Norte),Ms,TECTONIC
720,2021-04-03 16:58:17+00:00,6.14,126.87,66.0,2.8,105 km S 57° E of Governor Generoso (Davao Oriental),Ms,TECTONIC
721,2021-04-03 16:26:28+00:00,19.49,120.92,20.0,2.4,052 km N 35° W of Dalupiri Island (Calayan) (Cagayan),Ms,TECTONIC
722,2021-04-03 16:25:29+00:00,16.37,122.0,17.0,2.2,017 km N 50° W of Casiguran (Aurora),Ms,TECTONIC
723,2021-04-03 15:44:24+00:00,9.79,126.35,27.0,1.8,021 km N 87° E of General Luna (Surigao Del Norte),Ms,TECTONIC
724,2021-04-03 15:43:19+00:00,10.44,125.75,72.0,1.9,021 km N 66° E of Loreto (Dinagat Islands),Ms,TECTONIC
725,2021-04-03 15:24:06+00:00,17.24,121.16,32.0,1.4,006 km S 36° E of Tinglayan (Kalinga),Ms,TECTONIC
726,2021-04-03 13:39:42+00:00,8.73,126.66,15.0,2.6,040 km S 80° E of Marihatag (Surigao Del Sur),Ms,TECTONIC
727,2021-04-03 13:31:39+00:00,7.87,126.63,15.0,1.9,021 km N 66° E of Cateel (Davao Oriental),Ms,TECTONIC
728,2021-04-03 12:04:50+00:00,9.16,126.46,16.0,2.3,029 km N 41° E of Bayabas (Surigao Del Sur),Ms,TECTONIC
729,2021-04-03 10:52:48+00:00,17.12,119.78,32.0,2.5,070 km N 65° W of Luna (La Union),Ms,TECTONIC
730,2021-04-03 09:21:45+00:00,6.84,124.87,29.0,2.2,001 km N 32° W of Tulunan (Cotabato),Ms,TECTONIC
731,2021-04-03 08:38:16+00:00,10.34,126.0,18.0,2.8,036 km N 13° W of Burgos (Surigao Del Norte),Ms,TECTONIC
732,2021-04-03 07:59:07+00:00,12.93,120.89,25.0,2.0,015 km N 49° E of Sablayan (Occidental Mindoro),Ms,TECTONIC
733,2021-04-03 04:30:36+00:00,9.58,126.35,35.0,1.7,031 km S 44° E of General Luna (Surigao Del Norte),Ms,TECTONIC
734,2021-04-03 04:02:35+00:00,7.68,125.1,30.0,2.2,004 km S 21° W of Quezon (Bukidnon),Ms,TECTONIC
735,2021-04-03 03:33:16+00:00,12.94,121.0,20.0,2.3,025 km N 66° E of Sablayan (Occidental Mindoro),Ms,TECTONIC
736,2021-04-03 03:15:55+00:00,9.98,124.18,1.0,2.8,012 km N 51° E of Sagbayan (Bohol),Ms,TECTONIC
737,2021-04-03 02:21:03+00:00,8.82,126.31,36.0,2.0,011 km S 06° E of Cagwait (Surigao Del Sur),Ms,TECTONIC
738,2021-04-03 02:13:37+00:00,12.2,123.9,1.0,3.0,005 km N 80° E of Dimasalang (Masbate),Ms,TECTONIC
739,2021-04-03 02:01:44+00:00,12.26,123.84,10.0,3.6,007 km N 16° W of Dimasalang (Masbate),Ms,TECTONIC
740,2021-04-03 00:52:19+00:00,19.2,121.15,11.0,3.3,012 km N 31° W of Dalupiri Island (Calayan) (Cagayan),Ms,TECTONIC
741,2021-04-02 22:55:46+00:00,13.33,120.19,53.0,2.1,031 km S 72° W of Paluan (Occidental Mindoro),Ms,TECTONIC
742,2021-04-02 22:27:26+00:00,16.34,121.98,49.0,2.0,017 km N 67° W of Casiguran (Aurora),Ms,TECTONIC
743,2021-04-02 22:21:28+00:00,8.54,126.72,21.0,3.0,046 km N 66° E of Hinatuan (Surigao Del Sur),Ms,TECTONIC
744,2021-04-02 22:15:17+00:00,5.3,126.19,15.0,3.0,086 km S 82° E of Sarangani (Davao Occidental),Ms,TECTONIC
745,2021-04-02 21:50:27+00:00,6.53,126.31,12.0,2.8,030 km S 63° E of Governor Generoso (Davao Oriental),Ms,TECTONIC
746,2021-04-02 20:42:25+00:00,5.6,126.56,47.0,2.5,106 km S 71° E of Jose Abad Santos (Davao Occidental),Ms,TECTONIC
747,2021-04-02 20:25:29+00:00,19.83,121.78,18.0,2.6,038 km N 21° W of Babuyan Island (Calayan) (Cagayan),Ms,TECTONIC
748,2021-04-02 20:11:54+00:00,16.48,120.87,39.0,2.1,018 km S 73° W of Ambaguio (Nueva Vizcaya),Ms,TECTONIC
749,2021-04-02 19:50:47+00:00,13.42,120.88,1.0,2.5,017 km S 82° E of Abra De Ilog (Occidental Mindoro),Ms,TECTONIC
750,2021-04-02 19:40:51+00:00,19.76,121.61,14.0,2.0,042 km N 49° W of Babuyan Island (Calayan) (Cagayan),Ms,TECTONIC
751,2021-04-02 19:32:16+00:00,13.72,120.61,87.0,2.3,013 km S 13° W of Calatagan (Batangas),Ms,TECTONIC
752,2021-04-02 19:29:56+00:00,8.84,122.65,28.0,2.2,049 km S 59° W of Siaton (Negros Oriental),Ms,TECTONIC
753,2021-04-02 18:36:21+00:00,7.2,125.49,28.0,2.4,022 km S 66° W of City Of Panabo (Davao Del Norte),Ms,TECTONIC
754,2021-04-02 18:17:50+00:00,9.91,122.32,12.0,2.2,020 km N 37° W of City Of Sipalay (Negros Occidental),Ms,TECTONIC
755,2021-04-02 17:55:16+00:00,9.98,124.36,16.0,2.3,013 km N 44° E of Dagohoy (Bohol),Ms,TECTONIC
756,2021-04-02 17:53:02+00:00,18.55,119.84,9.0,2.5,086 km N 88° W of Burgos (Ilocos Norte),Ms,TECTONIC
757,2021-04-02 16:55:35+00:00,13.24,123.81,11.0,3.0,004 km N 77° E of Santo Domingo (Albay),ML,VOLCANO-TECTONIC
758,2021-04-02 16:51:55+00:00,9.94,124.3,4.0,3.0,006 km N 31° E of Dagohoy (Bohol),Ms,TECTONIC
759,2021-04-02 15:03:27+00:00,9.96,125.49,179.0,2.6,012 km N 88° W of Dinagat (Dinagat Islands),Ms,TECTONIC
760,2021-04-02 14:57:02+00:00,8.02,126.69,39.0,2.3,031 km S 87° E of Lingig (Surigao Del Sur),Ms,TECTONIC
761,2021-04-02 14:50:15+00:00,16.69,120.39,33.0,2.4,011 km N 29° W of Bagulin (La Union),Ms,TECTONIC
762,2021-04-02 14:34:07+00:00,8.71,125.86,12.0,1.9,025 km N 29° W of San Francisco (Agusan Del Sur),Ms,TECTONIC
763,2021-04-02 14:25:32+00:00,9.22,126.72,9.0,2.5,055 km N 60° E of Bayabas (Surigao Del Sur),Ms,TECTONIC
764,2021-04-02 14:18:57+00:00,19.13,121.5,24.0,2.3,015 km S 10° E of Calayan (Cagayan),Ms,TECTONIC
765,2021-04-02 12:19:16+00:00,6.69,126.25,33.0,2.4,020 km N 78° E of Governor Generoso (Davao Oriental),Ms,TECTONIC
766,2021-04-02 10:55:43+00:00,8.42,125.86,28.0,2.1,016 km S 54° W of San Francisco (Agusan Del Sur),Ms,TECTONIC
767,2021-04-02 10:51:07+00:00,3.01,127.3,84.0,4.2,337 km S 38° E of Sarangani (Davao Occidental),Ms,TECTONIC
768,2021-04-02 09:21:35+00:00,10.1,126.19,33.0,2.3,019 km N 61° E of Santa Monica (Surigao Del Norte),Ms,TECTONIC
769,2021-04-02 09:07:32+00:00,9.02,126.16,54.0,2.6,015 km N 66° W of Bayabas (Surigao Del Sur),Ms,TECTONIC
770,2021-04-02 06:59:39+00:00,8.71,125.8,7.0,2.8,005 km S 82° E of City Of Bayugan (Agusan Del Sur),Ms,TECTONIC
771,2021-04-02 06:53:13+00:00,8.39,125.49,46.0,2.5,030 km S 67° W of San Luis (Agusan Del Sur),Ms,TECTONIC
772,2021-04-02 05:53:01+00:00,15.17,119.99,58.0,2.3,013 km S 15° W of Botolan (Zambales),Ms,TECTONIC
773,2021-04-02 04:32:50+00:00,18.14,122.61,24.0,2.0,061 km S 54° E of Santa Ana (Cagayan),Ms,TECTONIC
774,2021-04-02 03:05:31+00:00,13.8,120.83,7.0,2.6,011 km S 54° W of San Luis (Batangas),ML,VOLCANO-TECTONIC
775,2021-04-02 02:52:52+00:00,8.58,125.66,35.0,2.4,013 km N 45° W of San Luis (Agusan Del Sur),Ms,TECTONIC
776,2021-04-02 02:40:22+00:00,8.44,126.05,8.0,2.1,008 km N 38° E of Rosario (Agusan Del Sur),Ms,TECTONIC
777,2021-04-02 02:22:02+00:00,13.48,121.71,7.0,2.1,014 km N 74° W of Boac (Marinduque),Ms,TECTONIC
778,2021-04-02 02:13:11+00:00,17.72,122.51,28.0,3.4,049 km N 28° E of Divilacan (Isabela),Ms,TECTONIC
779,2021-04-02 01:36:57+00:00,8.4,125.87,22.0,2.5,011 km S 60° E of Talacogon (Agusan Del Sur),Ms,TECTONIC
780,2021-04-02 00:29:29+00:00,19.28,121.26,73.0,2.4,022 km N 86° W of Calayan (Cagayan),Ms,TECTONIC
781,2021-04-01 23:47:43+00:00,8.44,126.06,1.0,2.2,012 km S 52° E of San Francisco (Agusan Del Sur),Ms,TECTONIC
782,2021-04-01 23:45:10+00:00,8.45,126.01,8.0,4.0,007 km S 33° E of San Francisco (Agusan Del Sur),Ms,TECTONIC
783,2021-04-01 22:50:41+00:00,5.73,126.41,57.0,3.3,087 km S 76° E of Jose Abad Santos (Davao Occidental),Ms,TECTONIC
784,2021-04-01 22:38:30+00:00,10.5,125.33,19.0,2.6,018 km N 27° E of Hinundayan (Southern Leyte),Ms,TECTONIC
785,2021-04-01 22:10:34+00:00,8.53,126.79,14.0,3.4,053 km N 70° E of Hinatuan (Surigao Del Sur),Ms,TECTONIC
786,2021-04-01 22:02:14+00:00,13.52,121.03,31.0,1.8,009 km N 76° E of Puerto Galera (Oriental Mindoro),Ms,TECTONIC
787,2021-04-01 22:00:44+00:00,13.36,120.23,10.0,2.8,026 km S 76° W of Paluan (Occidental Mindoro),Ms,TECTONIC
788,2021-04-01 21:44:25+00:00,16.27,122.28,31.0,2.2,015 km S 28° E of Dilasag (Aurora),Ms,TECTONIC
789,2021-04-01 21:29:09+00:00,10.18,122.2,1.0,2.5,040 km S 48° E of Anini-y (Antique),Ms,TECTONIC
790,2021-04-01 21:25:21+00:00,17.12,120.85,10.0,2.7,007 km N 51° W of Sagada (Mountain Province),Ms,TECTONIC
791,2021-04-01 21:06:34+00:00,14.72,121.66,32.0,1.7,004 km S 25° E of Infanta (Quezon),Ms,TECTONIC
792,2021-04-01 20:34:06+00:00,7.57,126.65,35.0,1.8,010 km S 84° E of Baganga (Davao Oriental),Ms,TECTONIC
793,2021-04-01 20:23:11+00:00,6.23,126.71,50.0,3.3,085 km S 56° E of Governor Generoso (Davao Oriental),Ms,TECTONIC
794,2021-04-01 20:06:18+00:00,19.43,120.36,16.0,2.5,096 km N 68° W of Dalupiri Island (Calayan) (Cagayan),Ms,TECTONIC
795,2021-04-01 19:38:02+00:00,7.84,126.0,32.0,2.1,006 km N 71° W of Monkayo (Davao De Oro),Ms,TECTONIC
796,2021-04-01 18:47:05+00:00,8.65,126.54,27.0,3.3,032 km S 58° E of Marihatag (Surigao Del Sur),Ms,TECTONIC
797,2021-04-01 18:19:29+00:00,8.96,126.75,5.0,2.0,051 km S 89° E of Bayabas (Surigao Del Sur),Ms,TECTONIC
798,2021-04-01 18:05:54+00:00,7.27,125.84,7.0,2.8,004 km S 21° W of Mabini ( Davao De Oro),Ms,TECTONIC
799,2021-04-01 18:04:37+00:00,13.51,120.57,6.0,2.8,015 km N 47° E of Paluan (Occidental Mindoro),Ms,TECTONIC
800,2021-04-01 17:54:30+00:00,8.89,126.69,23.0,2.2,043 km S 86° E of Cagwait (Surigao Del Sur),Ms,TECTONIC
801,2021-04-01 17:41:56+00:00,13.84,120.85,7.0,2.3,008 km S 76° W of San Luis (Batangas),ML,VOLCANO-TECTONIC
802,2021-04-01 17:04:40+00:00,16.1,121.96,31.0,2.1,004 km S 07° E of Dinalungan (Aurora),Ms,TECTONIC
803,2021-04-01 16:43:31+00:00,7.26,123.61,44.0,1.5,031 km S 46° E of Tabina (Zamboanga Del Sur),Ms,TECTONIC
804,2021-04-01 16:39:51+00:00,17.95,120.06,27.0,2.2,043 km N 77° W of Sinait (Ilocos Sur),Ms,TECTONIC
805,2021-04-01 16:33:16+00:00,8.47,125.92,34.0,1.9,013 km N 44° W of Rosario (Agusan Del Sur),Ms,TECTONIC
806,2021-04-01 16:17:23+00:00,13.55,120.54,108.0,1.8,033 km S 18° W of Calatagan (Batangas),Ms,TECTONIC
807,2021-04-01 15:39:42+00:00,9.91,123.78,9.0,1.6,011 km N 77° W of Calape (Bohol),Ms,TECTONIC
808,2021-04-01 15:39:24+00:00,9.92,123.77,35.0,1.9,011 km N 71° W of Calape (Bohol),Ms,TECTONIC
809,2021-04-01 14:57:19+00:00,10.08,122.0,26.0,2.1,057 km N 52° W of City Of Sipalay (Negros Occidental),Ms,TECTONIC
810,2021-04-01 14:53:51+00:00,8.7,126.56,24.0,1.8,031 km S 69° E of Marihatag (Surigao Del Sur),Ms,TECTONIC
811,2021-04-01 14:22:27+00:00,9.89,126.13,21.0,2.1,013 km N 11° W of General Luna (Surigao Del Norte),Ms,TECTONIC
812,2021-04-01 13:55:12+00:00,2.36,127.15,6.0,4.1,388 km S 30° E of Sarangani (Davao Occidental),Ms,TECTONIC
813,2021-04-01 13:53:54+00:00,18.03,120.52,17.0,1.9,004 km N 70° E of Currimao (Ilocos Norte),Ms,TECTONIC
814,2021-04-01 13:07:33+00:00,8.39,126.81,24.0,2.8,052 km N 87° E of Hinatuan (Surigao Del Sur),Ms,TECTONIC
815,2021-04-01 12:44:46+00:00,3.45,126.83,26.0,3.8,268 km S 36° E of Sarangani (Davao Occidental),Ms,TECTONIC
816,2021-04-01 12:32:53+00:00,9.66,126.23,29.0,1.8,016 km S 31° E of General Luna (Surigao Del Norte),Ms,TECTONIC
817,2021-04-01 12:18:58+00:00,8.48,125.94,2.0,2.2,005 km S 57° W of San Francisco (Agusan Del Sur),Ms,TECTONIC
818,2021-04-01 10:12:22+00:00,3.41,126.58,27.0,5.2,241 km S 31° E of Sarangani (Davao Occidental),Ms,TECTONIC
819,2021-04-01 08:42:11+00:00,12.88,121.01,40.0,2.3,025 km N 81° E of Sablayan (Occidental Mindoro),Ms,TECTONIC
820,2021-04-01 07:58:21+00:00,8.42,126.86,18.0,2.0,058 km N 84° E of Hinatuan (Surigao Del Sur),Ms,TECTONIC
821,2021-04-01 07:40:38+00:00,13.44,120.79,32.0,2.6,007 km S 82° E of Abra De Ilog (Occidental Mindoro),Ms,TECTONIC
822,2021-04-01 07:38:19+00:00,18.63,120.69,17.0,3.2,013 km N 40° W of Bangui (Ilocos Norte),Ms,TECTONIC
823,2021-04-01 07:32:05+00:00,17.71,120.62,3.0,2.2,005 km N 71° W of Danglas (Abra),Ms,TECTONIC
824,2021-04-01 07:20:41+00:00,13.81,120.59,96.0,2.3,005 km S 56° W of Calatagan (Batangas),Ms,TECTONIC
825,2021-04-01 07:19:25+00:00,18.54,120.82,26.0,3.6,006 km N 85° E of Bangui (Ilocos Norte),Ms,TECTONIC
826,2021-04-01 07:10:33+00:00,8.47,126.97,24.0,2.4,070 km N 81° E of Hinatuan (Surigao Del Sur),Ms,TECTONIC
827,2021-04-01 06:59:47+00:00,8.52,126.94,17.0,2.7,069 km N 76° E of Hinatuan (Surigao Del Sur),Ms,TECTONIC
828,2021-04-01 06:43:31+00:00,8.49,126.79,13.0,2.5,052 km N 75° E of Hinatuan (Surigao Del Sur),Ms,TECTONIC
829,2021-04-01 05:23:43+00:00,9.08,126.5,25.0,1.9,026 km N 63° E of Bayabas (Surigao Del Sur),Ms,TECTONIC
830,2021-04-01 05:09:13+00:00,8.71,125.82,12.0,2.8,016 km N 40° W of Prosperidad (Agusan Del Sur),Ms,TECTONIC
831,2021-04-01 03:56:36+00:00,13.45,120.89,1.0,3.3,017 km N 88° E of Abra De Ilog (Occidental Mindoro),Ms,TECTONIC
832,2021-04-01 03:04:18+00:00,7.26,126.02,40.0,2.1,019 km S 75° E of Mabini ( Davao De Oro),Ms,TECTONIC
833,2021-04-01 01:29:32+00:00,10.52,125.09,2.0,2.2,008 km S 88° W of Silago (Southern Leyte),Ms,TECTONIC
834,2021-04-01 00:06:08+00:00,10.14,126.08,19.0,2.3,014 km N 01° E of Burgos (Surigao Del Norte),Ms,TECTONIC
835,2021-03-31 23:28:41+00:00,17.07,120.71,26.0,2.1,009 km S 26° E of Quirino (Ilocos Sur),Ms,TECTONIC
836,2021-03-31 22:54:58+00:00,13.41,120.86,2.0,3.3,015 km S 77° E of Abra De Ilog (Occidental Mindoro),Ms,TECTONIC
837,2021-03-31 22:53:46+00:00,17.77,120.97,27.0,1.8,017 km N 73° E of Tineg (Abra),Ms,TECTONIC
838,2021-03-31 16:51:02+00:00,5.89,125.82,155.0,3.3,037 km S 22° E of Don Marcelino (Davao Occidental),Ms,TECTONIC
839,2021-03-31 16:32:09+00:00,18.31,121.47,103.0,2.6,005 km N 51° E of Santa Marcela (Apayao),Ms,TECTONIC
